"","Distance","M_iM","WT_M","WT_iM","Delta_Fitness"
"1",1,1.86650694899981e-12,-0.4362198084,-0.4362198084,1.86650694899981e-12
"2",2,1.86650694899981e-12,-0.4362198084,-0.4362198084,1.86650694899981e-12
"3",3,1.86650694899981e-12,-0.4362198084,-0.4362198084,1.86650694899981e-12
"4",4,1.86650694899981e-12,-0.4362198084,-0.4362198084,1.86650694899981e-12
"5",5,1.86650694899981e-12,-0.4362198084,-0.4362198084,1.86650694899981e-12
"6",6,1.86650694899981e-12,-0.4362198084,-0.4362198084,1.86650694899981e-12
"7",7,1.86650694899981e-12,-0.4362198084,-0.4362198084,1.86650694899981e-12
"8",8,1.86650694899981e-12,-0.4362198084,-0.4362198084,1.86650694899981e-12
"9",9,1.86650694899981e-12,-0.4362198084,-0.4362198084,1.86650694899981e-12
"10",10,1.86650694899981e-12,-0.4362198084,-0.4362198084,1.86650694899981e-12
"11",11,1.86650694899981e-12,-0.4362198084,-0.4362198084,1.86650694899981e-12
"12",12,1.86650694899981e-12,-0.4362198084,-0.4362198084,1.86650694899981e-12
"13",13,1.86650694899981e-12,-0.4362198084,-0.4362198084,1.86650694899981e-12
"14",14,1.86650694899981e-12,-0.4362198084,-0.4362198084,1.86650694899981e-12
"15",15,1.86650694899981e-12,-0.4362198084,-0.4362198084,1.86650694899981e-12
"16",16,1.86650694899981e-12,-0.4362198084,-0.4362198084,1.86650694899981e-12
"17",17,1.86650694899981e-12,-0.4362198084,-0.4362198084,1.86650694899981e-12
"18",18,1.86650694899981e-12,-0.4362198084,-0.4362198084,1.86650694899981e-12
"19",19,1.86650694899981e-12,-0.4362198084,-0.4362198084,1.86650694899981e-12
"20",20,1.86650694899981e-12,-0.4362198084,-0.4362198084,1.86650694899981e-12
"21",21,1.86650694899981e-12,-0.4362198084,-0.4362198084,1.86650694899981e-12
"22",22,1.86650694899981e-12,-0.4362198084,-0.4362198084,1.86650694899981e-12
"23",23,1.86650694899981e-12,-0.4362198084,-0.4362198084,1.86650694899981e-12
"24",24,1.86650694899981e-12,-0.4362198084,-0.4362198084,1.86650694899981e-12
"25",25,1.86650694899981e-12,-0.4362198084,-0.4362198084,1.86650694899981e-12
"26",26,1.86650694899981e-12,-0.4362198084,-0.4362198084,1.86650694899981e-12
"27",27,1.86650694899981e-12,-0.4362198084,-0.4362198084,1.86650694899981e-12
"28",28,1.86650694899981e-12,-0.4362198084,-0.4362198084,1.86650694899981e-12
"29",29,1.86650694899981e-12,-0.4362198084,-0.4362198084,1.86650694899981e-12
"30",30,1.86650694899981e-12,-0.4362198084,-0.4362198084,1.86650694899981e-12
"31",31,1.86650694899981e-12,-0.4362198084,-0.4362198084,1.86650694899981e-12
"32",32,1.86650694899981e-12,-0.4362198084,-0.4362198084,1.86650694899981e-12
"33",33,1.86650694899981e-12,-0.4362198084,-0.4362198084,1.86650694899981e-12
"34",34,1.86650694899981e-12,-0.4362198084,-0.4362198084,1.86650694899981e-12
"35",35,1.86650694899981e-12,-0.4362198084,-0.4362198084,1.86650694899981e-12
"36",36,1.86650694899981e-12,-0.4362198084,-0.4362198084,1.86650694899981e-12
"37",37,1.86650694899981e-12,-0.4362198084,-0.4362198084,1.86650694899981e-12
"38",38,1.86650694899981e-12,-0.4362198084,-0.4362198084,1.86650694899981e-12
"39",39,1.86650694899981e-12,-0.4362198084,-0.4362198084,1.86650694899981e-12
"40",40,1.86650694899981e-12,-0.4362198084,-0.4362198084,1.86650694899981e-12
"41",41,1.86650694899981e-12,-0.4362198084,-0.4362198084,1.86650694899981e-12
"42",42,1.86650694899981e-12,-0.4362198084,-0.4362198084,1.86650694899981e-12
"43",43,1.86650694899981e-12,-0.4362198084,-0.4362198084,1.86650694899981e-12
"44",44,1.86650694899981e-12,-0.4362198084,-0.4362198084,1.86650694899981e-12
"45",45,1.86650694899981e-12,-0.4362198084,-0.4362198084,1.86650694899981e-12
"46",46,1.86650694899981e-12,-0.4362198084,-0.4362198084,1.86650694899981e-12
"47",47,1.86650694899981e-12,-0.4362198084,-0.4362198084,1.86650694899981e-12
"48",48,1.86650694899981e-12,-0.4362198084,-0.4362198084,1.86650694899981e-12
"49",49,1.86650694899981e-12,-0.4362198084,-0.4362198084,1.86650694899981e-12
"50",50,1.86650694899981e-12,-0.4362198084,-0.4362198084,1.86650694899981e-12
"51",51,1.86650694899981e-12,-0.4362198084,-0.4362198084,1.86650694899981e-12
"52",52,1.86650694899981e-12,-0.4362198084,-0.4362198084,1.86650694899981e-12
"53",53,1.86650694899981e-12,-0.4362198084,-0.4362198084,1.86650694899981e-12
"54",54,1.86650694899981e-12,-0.4362198084,-0.4362198084,1.86650694899981e-12
"55",55,1.86650694899981e-12,-0.4362198084,-0.4362198084,1.86650694899981e-12
"56",56,1.86650694899981e-12,-0.4362198084,-0.4362198084,1.86650694899981e-12
"57",57,1.86650694899981e-12,-0.4362198084,-0.4362198084,1.86650694899981e-12
"58",58,1.86650694899981e-12,-0.4362198084,-0.4362198084,1.86650694899981e-12
"59",59,1.86650694899981e-12,-0.4362198084,-0.4362198084,1.86650694899981e-12
"60",60,1.86650694899981e-12,-0.4362198084,-0.4362198084,1.86650694899981e-12
"61",61,1.86650694899981e-12,-0.4362198084,-0.4362198084,1.86650694899981e-12
"62",62,1.86650694899981e-12,-0.4362198084,-0.4362198084,1.86650694899981e-12
"63",63,1.86650694899981e-12,-0.4362198084,-0.4362198084,1.86650694899981e-12
"64",64,1.86650694899981e-12,-0.4362198084,-0.4362198084,1.86650694899981e-12
"65",65,1.86650694899981e-12,-0.4362198084,-0.4362198084,1.86650694899981e-12
"66",66,1.86650694899981e-12,-0.4362198084,-0.4362198084,1.86650694899981e-12
"67",67,1.86650694899981e-12,-0.4362198084,-0.4362198084,1.86650694899981e-12
"68",68,1.86650694899981e-12,-0.4362198084,-0.4362198084,1.86650694899981e-12
"69",69,1.86650694899981e-12,-0.4362198084,-0.4362198084,1.86650694899981e-12
"70",70,1.86650694899981e-12,-0.4362198084,-0.4362198084,1.86650694899981e-12
"71",71,1.86650694899981e-12,-0.4362198084,-0.4362198084,1.86650694899981e-12
"72",72,1.86650694899981e-12,-0.4362198084,-0.4362198084,1.86650694899981e-12
"73",73,1.86650694899981e-12,-0.4362198084,-0.4362198084,1.86650694899981e-12
"74",74,1.86650694899981e-12,-0.4362198084,-0.4362198084,1.86650694899981e-12
"75",75,1.86650694899981e-12,-0.4362198084,-0.4362198084,1.86650694899981e-12
"76",76,1.86650694899981e-12,-0.4362198084,-0.4362198084,1.86650694899981e-12
"77",77,1.86650694899981e-12,-0.4362198084,-0.4362198084,1.86650694899981e-12
"78",78,1.86650694899981e-12,-0.4362198084,-0.4362198084,1.86650694899981e-12
"79",79,1.86650694899981e-12,-0.4362198084,-0.4362198084,1.86650694899981e-12
"80",80,1.86650694899981e-12,-0.4362198084,-0.4362198084,1.86650694899981e-12
"81",81,1.86650694899981e-12,-0.4362198084,-0.4362198084,1.86650694899981e-12
"82",82,1.86650694899981e-12,-0.4362198084,-0.4362198084,1.86650694899981e-12
"83",83,1.86650694899981e-12,-0.4362198084,-0.4362198084,1.86650694899981e-12
"84",84,1.86650694899981e-12,-0.4362198084,-0.4362198084,1.86650694899981e-12
"85",85,1.86650694899981e-12,-0.4362198084,-0.4362198084,1.86650694899981e-12
"86",86,1.86650694899981e-12,-0.4362198084,-0.4362198084,1.86650694899981e-12
"87",87,1.86650694899981e-12,-0.4362198084,-0.4362198084,1.86650694899981e-12
"88",88,1.86650694899981e-12,-0.4362198084,-0.4362198084,1.86650694899981e-12
"89",89,1.86650694899981e-12,-0.4362198084,-0.4362198084,1.86650694899981e-12
"90",90,1.86650694899981e-12,-0.4362198084,-0.4362198084,1.86650694899981e-12
"91",91,1.86650694899981e-12,-0.4362198084,-0.4362198084,1.86650694899981e-12
"92",92,1.86650694899981e-12,-0.4362198084,-0.4362198084,1.86650694899981e-12
"93",93,1.86650694899981e-12,-0.4362198084,-0.4362198084,1.86650694899981e-12
"94",94,1.86650694899981e-12,-0.4362198084,-0.4362198084,1.86650694899981e-12
"95",95,1.86650694899981e-12,-0.4362198084,-0.4362198084,1.86650694899981e-12
"96",96,1.86650694899981e-12,-0.4362198084,-0.4362198084,1.86650694899981e-12
"97",97,1.86650694899981e-12,-0.4362198084,-0.4362198084,1.86650694899981e-12
"98",98,1.86650694899981e-12,-0.4362198084,-0.4362198084,1.86650694899981e-12
"99",99,1.86650694899981e-12,-0.4362198084,-0.4362198084,1.86650694899981e-12
"100",100,1.86650694899981e-12,-0.4362198084,-0.4362198084,1.86650694899981e-12
"101",101,1.86650694899981e-12,-0.4362198084,-0.4362198084,1.86650694899981e-12
"102",102,1.86650694899981e-12,-0.4362198084,-0.4362198084,1.86650694899981e-12
"103",103,1.86650694899981e-12,-0.4362198084,-0.4362198084,1.86650694899981e-12
"104",104,1.86650694899981e-12,-0.4362198084,-0.4362198084,1.86650694899981e-12
"105",105,1.86650694899981e-12,-0.4362198084,-0.4362198084,1.86650694899981e-12
"106",106,1.86650694899981e-12,-0.4362198084,-0.4362198084,1.86650694899981e-12
"107",107,-0.066453027,-0.4362198084,-0.5025328489,0.000139986499999967
"108",108,-0.066453027,-0.4362198084,-0.5025328489,0.000139986499999967
"109",109,-0.066453027,-0.4362198084,-0.5025328489,0.000139986499999967
"110",110,-0.066453027,-0.4362198084,-0.5025328489,0.000139986499999967
"111",111,-0.066453027,-0.4362198084,-0.5025328489,0.000139986499999967
"112",112,-0.066453027,-0.4362198084,-0.5025328489,0.000139986499999967
"113",113,-0.066453027,-0.4362198084,-0.5025328489,0.000139986499999967
"114",114,-0.066453027,-0.4362198084,-0.5025328489,0.000139986499999967
"115",115,-0.066453027,-0.4362198084,-0.5025328489,0.000139986499999967
"116",116,-0.066453027,-0.4362198084,-0.5025328489,0.000139986499999967
"117",117,-0.066453027,-0.4362198084,-0.5025328489,0.000139986499999967
"118",118,-0.066453027,-0.4362198084,-0.5025328489,0.000139986499999967
"119",119,-0.066453027,-0.4362198084,-0.5025328489,0.000139986499999967
"120",120,-0.066453027,-0.4362198084,-0.5025328489,0.000139986499999967
"121",121,-0.066453027,-0.4362198084,-0.5025328489,0.000139986499999967
"122",122,-0.066453027,-0.4362198084,-0.5025328489,0.000139986499999967
"123",123,-0.066453027,-0.4362198084,-0.5025328489,0.000139986499999967
"124",124,-0.066453027,-0.4362198084,-0.5025328489,0.000139986499999967
"125",125,-0.066453027,-0.4362198084,-0.5025328489,0.000139986499999967
"126",126,-0.066453027,-0.4362198084,-0.5025328489,0.000139986499999967
"127",127,-0.0659533113,-0.4362198084,-0.50203343,0.000139689700000001
"128",128,-0.0659533113,-0.4362198084,-0.50203343,0.000139689700000001
"129",129,-0.0659533113,-0.4362198084,-0.50203343,0.000139689700000001
"130",130,-0.0659533113,-0.4362198084,-0.50203343,0.000139689700000001
"131",131,-0.0659533113,-0.4362198084,-0.50203343,0.000139689700000001
"132",132,-0.0659533113,-0.4362198084,-0.50203343,0.000139689700000001
"133",133,-0.0659533113,-0.4362198084,-0.50203343,0.000139689700000001
"134",134,-0.0659533113,-0.4362198084,-0.50203343,0.000139689700000001
"135",135,-0.0659533113,-0.4362198084,-0.50203343,0.000139689700000001
"136",136,-0.0659533113,-0.4362198084,-0.50203343,0.000139689700000001
"137",137,-0.0659533113,-0.4362198084,-0.50203343,0.000139689700000001
"138",138,-0.0659533113,-0.4362198084,-0.50203343,0.000139689700000001
"139",139,-0.0684181257,-0.4362198084,-0.5044745925,0.000163341599999978
"140",140,-0.0684181257,-0.4362198084,-0.5044745925,0.000163341599999978
"141",141,-0.0684181257,-0.4362198084,-0.5044745925,0.000163341599999978
"142",142,-0.0684181257,-0.4362198084,-0.5044745925,0.000163341599999978
"143",143,-0.0684181257,-0.4362198084,-0.5044745925,0.000163341599999978
"144",144,-0.0684181257,-0.4362198084,-0.5044745925,0.000163341599999978
"145",145,-0.0684181257,-0.4362198084,-0.5044745925,0.000163341599999978
"146",146,-0.0684181257,-0.4362198084,-0.5044745925,0.000163341599999978
"147",147,-0.0684181257,-0.4362198084,-0.5044745925,0.000163341599999978
"148",148,-0.0684181257,-0.4362198084,-0.5044745925,0.000163341599999978
"149",149,-0.0684181257,-0.4362198084,-0.5044745925,0.000163341599999978
"150",150,-0.0684181257,-0.4362198084,-0.5044745925,0.000163341599999978
"151",151,-0.0684181257,-0.4362198084,-0.5044745925,0.000163341599999978
"152",152,-0.0684181257,-0.4362198084,-0.5044745925,0.000163341599999978
"153",153,-0.0684181257,-0.4362198084,-0.5044745925,0.000163341599999978
"154",154,-0.0689776423,-0.4362198084,-0.505022609,0.000174841700000095
"155",155,-0.0699304322,-0.4362198084,-0.5059741853,0.000176055299999978
"156",156,-0.0699304322,-0.4362198084,-0.5059741853,0.000176055299999978
"157",157,-0.0699304322,-0.4362198084,-0.5059741853,0.000176055299999978
"158",158,-0.0699304322,-0.4362198084,-0.5059741853,0.000176055299999978
"159",159,-0.0699304322,-0.4362198084,-0.5059741853,0.000176055299999978
"160",160,-0.0699304322,-0.4362198084,-0.5059741853,0.000176055299999978
"161",161,-0.0699304322,-0.4362198084,-0.5059741853,0.000176055299999978
"162",162,-0.0699304322,-0.4362198084,-0.5059741853,0.000176055299999978
"163",163,-0.0699304322,-0.4362198084,-0.5059741853,0.000176055299999978
"164",164,-0.0699304322,-0.4362198084,-0.5059741853,0.000176055299999978
"165",165,-0.0699304322,-0.4362198084,-0.5059741853,0.000176055299999978
"166",166,-0.0699304322,-0.4362198084,-0.5059741853,0.000176055299999978
"167",167,-0.0699304322,-0.4362198084,-0.5059741853,0.000176055299999978
"168",168,-0.0699304322,-0.4362198084,-0.5059741853,0.000176055299999978
"169",169,-0.0699304322,-0.4362198084,-0.5059741853,0.000176055299999978
"170",170,-0.0699304322,-0.4362198084,-0.5059741853,0.000176055299999978
"171",171,-0.0699304322,-0.4362198084,-0.5059741853,0.000176055299999978
"172",172,-0.0699304322,-0.4362198084,-0.5059741853,0.000176055299999978
"173",173,-0.0699304322,-0.4362198084,-0.5059741853,0.000176055299999978
"174",174,-0.0699304322,-0.4362198084,-0.5059741853,0.000176055299999978
"175",175,-0.0699304322,-0.4362198084,-0.5059741853,0.000176055299999978
"176",176,-0.0699304322,-0.4362198084,-0.5059741853,0.000176055299999978
"177",177,-0.0699304322,-0.4362198084,-0.5059741853,0.000176055299999978
"178",178,-0.0699304322,-0.4362198084,-0.5059741853,0.000176055299999978
"179",179,-0.0699304322,-0.4362198084,-0.5059741853,0.000176055299999978
"180",180,-0.0699304322,-0.4362198084,-0.5059741853,0.000176055299999978
"181",181,-0.0699304322,-0.4362198084,-0.5059741853,0.000176055299999978
"182",182,-0.0699304322,-0.4362198084,-0.5059741853,0.000176055299999978
"183",183,-0.0699304322,-0.4362198084,-0.5059741853,0.000176055299999978
"184",184,-0.0699304322,-0.4362198084,-0.5059741853,0.000176055299999978
"185",185,-0.0699304322,-0.4362198084,-0.5059741853,0.000176055299999978
"186",186,-0.0699304322,-0.4362198084,-0.5059741853,0.000176055299999978
"187",187,-0.0699304322,-0.4362198084,-0.5059741853,0.000176055299999978
"188",188,-0.0699304322,-0.4362198084,-0.5059741853,0.000176055299999978
"189",189,-0.0699304322,-0.4362198084,-0.5059741853,0.000176055299999978
"190",190,-0.0699304322,-0.4362198084,-0.5059741853,0.000176055299999978
"191",191,-0.0699304322,-0.4362198084,-0.5059741853,0.000176055299999978
"192",192,-0.0699304322,-0.4362198084,-0.5059741853,0.000176055299999978
"193",193,-0.0710473365,-0.4362198084,-0.5070848861,0.000182258800000001
"194",194,-0.0710473365,-0.4362198084,-0.5070848861,0.000182258800000001
"195",195,-0.0710473365,-0.4362198084,-0.5070848861,0.000182258800000001
"196",196,-0.0710473365,-0.4362198084,-0.5070848861,0.000182258800000001
"197",197,-0.0710473365,-0.4362198084,-0.5070848861,0.000182258800000001
"198",198,-0.0710473365,-0.4362198084,-0.5070848861,0.000182258800000001
"199",199,-0.0710473365,-0.4362198084,-0.5070848861,0.000182258800000001
"200",200,-0.0710473365,-0.4362198084,-0.5070848861,0.000182258800000001
"201",201,-0.0710473365,-0.4362198084,-0.5070848861,0.000182258800000001
"202",202,-0.0710473365,-0.4362198084,-0.5070848861,0.000182258800000001
"203",203,-0.0710473365,-0.4362198084,-0.5070848861,0.000182258800000001
"204",204,-0.0710473365,-0.4362198084,-0.5070848861,0.000182258800000001
"205",205,-0.0710473365,-0.4362198084,-0.5070848861,0.000182258800000001
"206",206,-0.0710473365,-0.4362198084,-0.5070848861,0.000182258800000001
"207",207,-0.0710473365,-0.4362198084,-0.5070848861,0.000182258800000001
"208",208,-0.0710473365,-0.4362198084,-0.5070848861,0.000182258800000001
"209",209,-0.0710473365,-0.4362198084,-0.5070848861,0.000182258800000001
"210",210,-0.0710473365,-0.4362198084,-0.5070848861,0.000182258800000001
"211",211,-0.0710473365,-0.4362198084,-0.5070848861,0.000182258800000001
"212",212,-0.0710473365,-0.4362198084,-0.5070848861,0.000182258800000001
"213",213,-0.0710473365,-0.4362198084,-0.5070848861,0.000182258800000001
"214",214,-0.0710473365,-0.4362198084,-0.5070848861,0.000182258800000001
"215",215,-0.0710473365,-0.4362198084,-0.5070848861,0.000182258800000001
"216",216,-0.0710473365,-0.4362198084,-0.5070848861,0.000182258800000001
"217",217,-0.0710473365,-0.4362198084,-0.5070848861,0.000182258800000001
"218",218,-0.0710473365,-0.4362198084,-0.5070848861,0.000182258800000001
"219",219,-0.0710473365,-0.4362198084,-0.5070848861,0.000182258800000001
"220",220,-0.0710473365,-0.4362198084,-0.5070848861,0.000182258800000001
"221",221,-0.0710473365,-0.4362198084,-0.5070848861,0.000182258800000001
"222",222,-0.0710473365,-0.4362198084,-0.5070848861,0.000182258800000001
"223",223,-0.0710473365,-0.4362198084,-0.5070848861,0.000182258800000001
"224",224,-0.0710473365,-0.4362198084,-0.5070848861,0.000182258800000001
"225",225,-0.0710473365,-0.4362198084,-0.5070848861,0.000182258800000001
"226",226,-0.0710473365,-0.4362198084,-0.5070848861,0.000182258800000001
"227",227,-0.0710473365,-0.4362198084,-0.5070848861,0.000182258800000001
"228",228,-0.0710473365,-0.4362198084,-0.5070848861,0.000182258800000001
"229",229,-0.0710473365,-0.4362198084,-0.5070848861,0.000182258800000001
"230",230,-0.0710473365,-0.4362198084,-0.5070848861,0.000182258800000001
"231",231,-0.0710473365,-0.4362198084,-0.5070848861,0.000182258800000001
"232",232,-0.0710473365,-0.4362198084,-0.5070848861,0.000182258800000001
"233",233,-0.0710473365,-0.4362198084,-0.5070848861,0.000182258800000001
"234",234,-0.0710473365,-0.4362198084,-0.5070848861,0.000182258800000001
"235",235,-0.0710473365,-0.4362198084,-0.5070848861,0.000182258800000001
"236",236,-0.0710473365,-0.4362198084,-0.5070848861,0.000182258800000001
"237",237,-0.0710473365,-0.4362198084,-0.5070848861,0.000182258800000001
"238",238,-0.0710473365,-0.4362198084,-0.5070848861,0.000182258800000001
"239",239,-0.0710473365,-0.4362198084,-0.5070848861,0.000182258800000001
"240",240,-0.0710473365,-0.4362198084,-0.5070848861,0.000182258800000001
"241",241,-0.0710473365,-0.4362198084,-0.5070848861,0.000182258800000001
"242",242,-0.0710473365,-0.4362198084,-0.5070848861,0.000182258800000001
"243",243,-0.0710473365,-0.4362198084,-0.5070848861,0.000182258800000001
"244",244,-0.0710473365,-0.4362198084,-0.5070848861,0.000182258800000001
"245",245,-0.0710473365,-0.4362198084,-0.5070848861,0.000182258800000001
"246",246,-0.0710473365,-0.4362198084,-0.5070848861,0.000182258800000001
"247",247,-0.0710473365,-0.4362198084,-0.5070848861,0.000182258800000001
"248",248,-0.0710473365,-0.4362198084,-0.5070848861,0.000182258800000001
"249",249,-0.0710473365,-0.4362198084,-0.5070848861,0.000182258800000001
"250",250,-0.0710473365,-0.4362198084,-0.5070848861,0.000182258800000001
"251",251,-0.0710473365,-0.4362198084,-0.5070848861,0.000182258800000001
"252",252,-0.0710473365,-0.4362198084,-0.5070848861,0.000182258800000001
"253",253,-0.0553080024,-0.4362198084,-0.4913542862,0.00017352460000003
"254",254,-0.0553080024,-0.4362198084,-0.4913542862,0.00017352460000003
"255",255,-0.0553080024,-0.4362198084,-0.4913542862,0.00017352460000003
"256",256,-0.0553080024,-0.4362198084,-0.4913542862,0.00017352460000003
"257",257,-0.0553080024,-0.4362198084,-0.4913542862,0.00017352460000003
"258",258,-0.0553080024,-0.4362198084,-0.4913542862,0.00017352460000003
"259",259,-0.0553080024,-0.4362198084,-0.4913542862,0.00017352460000003
"260",260,-0.0553080024,-0.4362198084,-0.4913542862,0.00017352460000003
"261",261,-0.0553080024,-0.4362198084,-0.4913542862,0.00017352460000003
"262",262,-0.0553080024,-0.4362198084,-0.4913542862,0.00017352460000003
"263",263,-0.0553080024,-0.4362198084,-0.4913542862,0.00017352460000003
"264",264,-0.0553080024,-0.4362198084,-0.4913542862,0.00017352460000003
"265",265,-0.0553080024,-0.4362198084,-0.4913542862,0.00017352460000003
"266",266,-0.0553080024,-0.4362198084,-0.4913542862,0.00017352460000003
"267",267,-0.0553080024,-0.4362198084,-0.4913542862,0.00017352460000003
"268",268,-0.0553080024,-0.4362198084,-0.4913542862,0.00017352460000003
"269",269,-0.0553080024,-0.4362198084,-0.4913542862,0.00017352460000003
"270",270,-0.0553080024,-0.4362198084,-0.4913542862,0.00017352460000003
"271",271,-0.0553080024,-0.4362198084,-0.4913542862,0.00017352460000003
"272",272,-0.0553080024,-0.4362198084,-0.4913542862,0.00017352460000003
"273",273,-0.0553080024,-0.4362198084,-0.4913542862,0.00017352460000003
"274",274,-0.0553080024,-0.4362198084,-0.4913542862,0.00017352460000003
"275",275,-0.0553080024,-0.4362198084,-0.4913542862,0.00017352460000003
"276",276,-0.0553080024,-0.4362198084,-0.4913542862,0.00017352460000003
"277",277,-0.0553080024,-0.4362198084,-0.4913542862,0.00017352460000003
"278",278,-0.0553080024,-0.4362198084,-0.4913542862,0.00017352460000003
"279",279,-0.0553080024,-0.4362198084,-0.4913542862,0.00017352460000003
"280",280,-0.0553080024,-0.4362198084,-0.4913542862,0.00017352460000003
"281",281,-0.0553080024,-0.4362198084,-0.4913542862,0.00017352460000003
"282",282,-0.0553080024,-0.4362198084,-0.4913542862,0.00017352460000003
"283",283,-0.0553080024,-0.4362198084,-0.4913542862,0.00017352460000003
"284",284,-0.0553080024,-0.4362198084,-0.4913542862,0.00017352460000003
"285",285,-0.0553080024,-0.4362198084,-0.4913542862,0.00017352460000003
"286",286,-0.0553080024,-0.4362198084,-0.4913542862,0.00017352460000003
"287",287,-0.0553080024,-0.4362198084,-0.4913542862,0.00017352460000003
"288",288,-0.0553076058,-0.4362198084,-0.4913539392,0.000173475000000034
"289",289,-0.0553076058,-0.4362198084,-0.4913539392,0.000173475000000034
"290",290,-0.056644439,-0.4362198084,-0.4926833589,0.000180888500000032
"291",291,-0.056644439,-0.4362198084,-0.4926833589,0.000180888500000032
"292",292,-0.056644439,-0.4362198084,-0.4926833589,0.000180888500000032
"293",293,-0.056644439,-0.4362198084,-0.4926833589,0.000180888500000032
"294",294,-0.056644439,-0.4362198084,-0.4926833589,0.000180888500000032
"295",295,-0.056644439,-0.4362198084,-0.4926833589,0.000180888500000032
"296",296,-0.056644439,-0.4362198084,-0.4926833589,0.000180888500000032
"297",297,-0.056644439,-0.4362198084,-0.4926833589,0.000180888500000032
"298",298,-0.056644439,-0.4362198084,-0.4926833589,0.000180888500000032
"299",299,-0.056644439,-0.4362198084,-0.4926833589,0.000180888500000032
"300",300,-0.056644439,-0.4362198084,-0.4926833589,0.000180888500000032
"301",301,-0.056644439,-0.4362198084,-0.4926833589,0.000180888500000032
"302",302,-0.056644439,-0.4362198084,-0.4926833589,0.000180888500000032
"303",303,-0.056644439,-0.4362198084,-0.4926833589,0.000180888500000032
"304",304,-0.056644439,-0.4362198084,-0.4926833589,0.000180888500000032
"305",305,-0.056644439,-0.4362198084,-0.4926833589,0.000180888500000032
"306",306,-0.056644439,-0.4362198084,-0.4926833589,0.000180888500000032
"307",307,-0.056644439,-0.4362198084,-0.4926833589,0.000180888500000032
"308",308,-0.056644439,-0.4362198084,-0.4926833589,0.000180888500000032
"309",309,-0.056644439,-0.4362198084,-0.4926833589,0.000180888500000032
"310",310,-0.056644439,-0.4362198084,-0.4926833589,0.000180888500000032
"311",311,-0.056644439,-0.4362198084,-0.4926833589,0.000180888500000032
"312",312,-0.056644439,-0.4362198084,-0.4926833589,0.000180888500000032
"313",313,-0.056644439,-0.4362198084,-0.4926833589,0.000180888500000032
"314",314,-0.056644439,-0.4362198084,-0.4926833589,0.000180888500000032
"315",315,-0.056644439,-0.4362198084,-0.4926833589,0.000180888500000032
"316",316,-0.056644439,-0.4362198084,-0.4926833589,0.000180888500000032
"317",317,-0.056644439,-0.4362198084,-0.4926833589,0.000180888500000032
"318",318,-0.0449738595,-0.4362198084,-0.4810192,0.00017446790000003
"319",319,-0.0449738595,-0.4362198084,-0.4810192,0.00017446790000003
"320",320,-0.0449738595,-0.4362198084,-0.4810192,0.00017446790000003
"321",321,-0.0449738595,-0.4362198084,-0.4810192,0.00017446790000003
"322",322,-0.0449738595,-0.4362198084,-0.4810192,0.00017446790000003
"323",323,-0.0449738595,-0.4362198084,-0.4810192,0.00017446790000003
"324",324,-0.0449738595,-0.4362198084,-0.4810192,0.00017446790000003
"325",325,-0.0449738595,-0.4362198084,-0.4810192,0.00017446790000003
"326",326,-0.0449738595,-0.4362198084,-0.4810192,0.00017446790000003
"327",327,-0.0449738595,-0.4362198084,-0.4810192,0.00017446790000003
"328",328,-0.0449738595,-0.4362198084,-0.4810192,0.00017446790000003
"329",329,-0.0449738595,-0.4362198084,-0.4810192,0.00017446790000003
"330",330,-0.0449738595,-0.4362198084,-0.4810192,0.00017446790000003
"331",331,-0.0449738595,-0.4362198084,-0.4810192,0.00017446790000003
"332",332,-0.0449738595,-0.4362198084,-0.4810192,0.00017446790000003
"333",333,-0.0449738595,-0.4362198084,-0.4810192,0.00017446790000003
"334",334,-0.0449738595,-0.4362198084,-0.4810192,0.00017446790000003
"335",335,-0.0449738595,-0.4362198084,-0.4810192,0.00017446790000003
"336",336,-0.0449738595,-0.4362198084,-0.4810192,0.00017446790000003
"337",337,-0.0449738595,-0.4362198084,-0.4810192,0.00017446790000003
"338",338,-0.0449738595,-0.4362198084,-0.4810192,0.00017446790000003
"339",339,-0.0449738595,-0.4362198084,-0.4810192,0.00017446790000003
"340",340,-0.0449738595,-0.4362198084,-0.4810192,0.00017446790000003
"341",341,-0.0449738595,-0.4362198084,-0.4810192,0.00017446790000003
"342",342,-0.0449738595,-0.4362198084,-0.4810192,0.00017446790000003
"343",343,-0.0449738595,-0.4362198084,-0.4810192,0.00017446790000003
"344",344,-0.0449738595,-0.4362198084,-0.4810192,0.00017446790000003
"345",345,-0.0449394941,-0.4362198084,-0.4809848688,0.000174433699999976
"346",346,-0.0449394941,-0.4362198084,-0.4809848688,0.000174433699999976
"347",347,-0.0449394941,-0.4362198084,-0.4809848688,0.000174433699999976
"348",348,-0.0449394941,-0.4362198084,-0.4809848688,0.000174433699999976
"349",349,-0.0449394941,-0.4362198084,-0.4809848688,0.000174433699999976
"350",350,-0.0449394941,-0.4362198084,-0.4809848688,0.000174433699999976
"351",351,-0.0449394941,-0.4362198084,-0.4809848688,0.000174433699999976
"352",352,-0.0449394941,-0.4362198084,-0.4809848688,0.000174433699999976
"353",353,-0.0449394941,-0.4362198084,-0.4809848688,0.000174433699999976
"354",354,-0.0449394941,-0.4362198084,-0.4809848688,0.000174433699999976
"355",355,-0.0449394941,-0.4362198084,-0.4809848688,0.000174433699999976
"356",356,-0.0449394941,-0.4362198084,-0.4809848688,0.000174433699999976
"357",357,-0.0449394941,-0.4362198084,-0.4809848688,0.000174433699999976
"358",358,-0.0449394941,-0.4362198084,-0.4809848688,0.000174433699999976
"359",359,-0.0449394941,-0.4362198084,-0.4809848688,0.000174433699999976
"360",360,-0.0449394941,-0.4362198084,-0.4809848688,0.000174433699999976
"361",361,-0.0449394941,-0.4362198084,-0.4809848688,0.000174433699999976
"362",362,-0.0449394941,-0.4362198084,-0.4809848688,0.000174433699999976
"363",363,-0.0449394941,-0.4362198084,-0.4809848688,0.000174433699999976
"364",364,-0.0449394941,-0.4362198084,-0.4809848688,0.000174433699999976
"365",365,-0.0449394941,-0.4362198084,-0.4809848688,0.000174433699999976
"366",366,-0.0449394941,-0.4362198084,-0.4809848688,0.000174433699999976
"367",367,-0.0449394941,-0.4362198084,-0.4809848688,0.000174433699999976
"368",368,-0.0449394941,-0.4362198084,-0.4809848688,0.000174433699999976
"369",369,-0.0449394941,-0.4362198084,-0.4809848688,0.000174433699999976
"370",370,-0.0449394941,-0.4362198084,-0.4809848688,0.000174433699999976
"371",371,-0.0449394941,-0.4362198084,-0.4809848688,0.000174433699999976
"372",372,-0.0449394941,-0.4362198084,-0.4809848688,0.000174433699999976
"373",373,-0.0449394941,-0.4362198084,-0.4809848688,0.000174433699999976
"374",374,-0.0449394941,-0.4362198084,-0.4809848688,0.000174433699999976
"375",375,-0.0449394941,-0.4362198084,-0.4809848688,0.000174433699999976
"376",376,-0.0449394941,-0.4362198084,-0.4809848688,0.000174433699999976
"377",377,-0.0449394941,-0.4362198084,-0.4809848688,0.000174433699999976
"378",378,-0.0449394941,-0.4362198084,-0.4809848688,0.000174433699999976
"379",379,-0.0449394941,-0.4362198084,-0.4809848688,0.000174433699999976
"380",380,-0.0449394941,-0.4362198084,-0.4809848688,0.000174433699999976
"381",381,-0.0449394941,-0.4362198084,-0.4809848688,0.000174433699999976
"382",382,-0.0449394941,-0.4362198084,-0.4809848688,0.000174433699999976
"383",383,-0.0449394941,-0.4362198084,-0.4809848688,0.000174433699999976
"384",384,-0.0449394941,-0.4362198084,-0.4809848688,0.000174433699999976
"385",385,-0.0449394941,-0.4362198084,-0.4809848688,0.000174433699999976
"386",386,-0.0449394941,-0.4362198084,-0.4809848688,0.000174433699999976
"387",387,-0.0449394941,-0.4362198084,-0.4809848688,0.000174433699999976
"388",388,-0.0449394941,-0.4362198084,-0.4809848688,0.000174433699999976
"389",389,-0.0449394941,-0.4362198084,-0.4809848688,0.000174433699999976
"390",390,-0.0449394941,-0.4362198084,-0.4809848688,0.000174433699999976
"391",391,-0.0449394941,-0.4362198084,-0.4809848688,0.000174433699999976
"392",392,-0.0449394941,-0.4362198084,-0.4809848688,0.000174433699999976
"393",393,-0.0449394941,-0.4362198084,-0.4809848688,0.000174433699999976
"394",394,-0.0449394941,-0.4362198084,-0.4809848688,0.000174433699999976
"395",395,-0.0449394941,-0.4362198084,-0.4809848688,0.000174433699999976
"396",396,-0.0449394941,-0.4362198084,-0.4809848688,0.000174433699999976
"397",397,-0.0449394941,-0.4362198084,-0.4809848688,0.000174433699999976
"398",398,-0.0449394941,-0.4362198084,-0.4809848688,0.000174433699999976
"399",399,-0.0449394941,-0.4362198084,-0.4809848688,0.000174433699999976
"400",400,-0.0449394941,-0.4362198084,-0.4809848688,0.000174433699999976
"401",401,-0.0449394941,-0.4362198084,-0.4809848688,0.000174433699999976
"402",402,-0.0449394941,-0.4362198084,-0.4809848688,0.000174433699999976
"403",403,-0.0449394941,-0.4362198084,-0.4809848688,0.000174433699999976
"404",404,-0.0449394941,-0.4362198084,-0.4809848688,0.000174433699999976
"405",405,-0.0449394941,-0.4362198084,-0.4809848688,0.000174433699999976
"406",406,-0.0449394941,-0.4362198084,-0.4809848688,0.000174433699999976
"407",407,-0.0449394941,-0.4362198084,-0.4809848688,0.000174433699999976
"408",408,-0.0449394941,-0.4362198084,-0.4809848688,0.000174433699999976
"409",409,-0.0449394941,-0.4362198084,-0.4809848688,0.000174433699999976
"410",410,-0.0449394941,-0.4362198084,-0.4809848688,0.000174433699999976
"411",411,-0.0449394941,-0.4362198084,-0.4809848688,0.000174433699999976
"412",412,-0.0449394941,-0.4362198084,-0.4809848688,0.000174433699999976
"413",413,-0.0449394941,-0.4362198084,-0.4809848688,0.000174433699999976
"414",414,-0.0449394941,-0.4362198084,-0.4809848688,0.000174433699999976
"415",415,-0.0449394941,-0.4362198084,-0.4809848688,0.000174433699999976
"416",416,-0.0449394941,-0.4362198084,-0.4809848688,0.000174433699999976
"417",417,-0.0449394941,-0.4362198084,-0.4809848688,0.000174433699999976
"418",418,-0.0449394941,-0.4362198084,-0.4809848688,0.000174433699999976
"419",419,-0.0449394941,-0.4362198084,-0.4809848688,0.000174433699999976
"420",420,-0.0449394941,-0.4362198084,-0.4809848688,0.000174433699999976
"421",421,-0.0449394941,-0.4362198084,-0.4809848688,0.000174433699999976
"422",422,-0.0449394941,-0.4362198084,-0.4809848688,0.000174433699999976
"423",423,-0.0449394941,-0.4362198084,-0.4809848688,0.000174433699999976
"424",424,-0.0449394941,-0.4362198084,-0.4809848688,0.000174433699999976
"425",425,-0.0449394941,-0.4362198084,-0.4809848688,0.000174433699999976
"426",426,-0.0449394941,-0.4362198084,-0.4809848688,0.000174433699999976
"427",427,-0.0449394941,-0.4362198084,-0.4809848688,0.000174433699999976
"428",428,-0.0449394941,-0.4362198084,-0.4809848688,0.000174433699999976
"429",429,-0.0449394941,-0.4362198084,-0.4809848688,0.000174433699999976
"430",430,-0.0449394941,-0.4362198084,-0.4809848688,0.000174433699999976
"431",431,-0.0449394941,-0.4362198084,-0.4809848688,0.000174433699999976
"432",432,-0.0449394941,-0.4362198084,-0.4809848688,0.000174433699999976
"433",433,-0.0449394941,-0.4362198084,-0.4809848688,0.000174433699999976
"434",434,-0.0449394941,-0.4362198084,-0.4809848688,0.000174433699999976
"435",435,-0.0449394941,-0.4362198084,-0.4809848688,0.000174433699999976
"436",436,-0.0449394941,-0.4362198084,-0.4809848688,0.000174433699999976
"437",437,-0.0449394941,-0.4362198084,-0.4809848688,0.000174433699999976
"438",438,-0.0449394941,-0.4362198084,-0.4809848688,0.000174433699999976
"439",439,-0.0449394941,-0.4362198084,-0.4809848688,0.000174433699999976
"440",440,-0.0449394941,-0.4362198084,-0.4809848688,0.000174433699999976
"441",441,-0.0449394941,-0.4362198084,-0.4809848688,0.000174433699999976
"442",442,-0.0449394941,-0.4362198084,-0.4809848688,0.000174433699999976
"443",443,-0.0449394941,-0.4362198084,-0.4809848688,0.000174433699999976
"444",444,-0.0449394941,-0.4362198084,-0.4809848688,0.000174433699999976
"445",445,-0.0449394941,-0.4362198084,-0.4809848688,0.000174433699999976
"446",446,-0.0449394941,-0.4362198084,-0.4809848688,0.000174433699999976
"447",447,-0.0449394941,-0.4362198084,-0.4809848688,0.000174433699999976
"448",448,-0.0449394941,-0.4362198084,-0.4809848688,0.000174433699999976
"449",449,-0.0449394941,-0.4362198084,-0.4809848688,0.000174433699999976
"450",450,-0.0449394941,-0.4362198084,-0.4809848688,0.000174433699999976
"451",451,-0.0449394941,-0.4362198084,-0.4809848688,0.000174433699999976
"452",452,-0.0449394941,-0.4362198084,-0.4809848688,0.000174433699999976
"453",453,-0.0449394941,-0.4362198084,-0.4809848688,0.000174433699999976
"454",454,-0.0449394941,-0.4362198084,-0.4809848688,0.000174433699999976
"455",455,-0.0449394941,-0.4362198084,-0.4809848688,0.000174433699999976
"456",456,-0.0449394941,-0.4362198084,-0.4809848688,0.000174433699999976
"457",457,-0.0449394941,-0.4362198084,-0.4809848688,0.000174433699999976
"458",458,-0.0449394941,-0.4362198084,-0.4809848688,0.000174433699999976
"459",459,-0.0449394941,-0.4362198084,-0.4809848688,0.000174433699999976
"460",460,-0.0449394941,-0.4362198084,-0.4809848688,0.000174433699999976
"461",461,-0.0449394941,-0.4362198084,-0.4809848688,0.000174433699999976
"462",462,-0.0449394941,-0.4362198084,-0.4809848688,0.000174433699999976
"463",463,-0.0449394941,-0.4362198084,-0.4809848688,0.000174433699999976
"464",464,-0.0449394941,-0.4362198084,-0.4809848688,0.000174433699999976
"465",465,-0.0449394941,-0.4362198084,-0.4809848688,0.000174433699999976
"466",466,-0.0449394941,-0.4362198084,-0.4809848688,0.000174433699999976
"467",467,-0.0449394941,-0.4362198084,-0.4809848688,0.000174433699999976
"468",468,-0.0449394941,-0.4362198084,-0.4809848688,0.000174433699999976
"469",469,-0.0449394941,-0.4362198084,-0.4809848688,0.000174433699999976
"470",470,-0.0449394941,-0.4362198084,-0.4809848688,0.000174433699999976
"471",471,-0.0449394941,-0.4362198084,-0.4809848688,0.000174433699999976
"472",472,0.8417983657,-0.4362198084,0.1534516554,0.2521269019
"473",473,0.8417983657,-0.4362198084,0.1534516554,0.2521269019
"474",474,0.8417983657,-0.4362198084,0.1534516554,0.2521269019
"475",475,0.8417983657,-0.4362198084,0.1534516554,0.2521269019
"476",476,0.8417983657,-0.4362198084,0.1534516554,0.2521269019
"477",477,0.8417983657,-0.4362198084,0.1534516554,0.2521269019
"478",478,0.8417983657,-0.4362198084,0.1534516554,0.2521269019
"479",479,0.8417983657,-0.4362198084,0.1534516554,0.2521269019
"480",480,0.8417983657,-0.4362198084,0.1534516554,0.2521269019
"481",481,0.8417983657,-0.4362198084,0.1534516554,0.2521269019
"482",482,0.8417983657,-0.4362198084,0.1534516554,0.2521269019
"483",483,0.8417983657,-0.4362198084,0.1534516554,0.2521269019
"484",484,0.8417983657,-0.4362198084,0.1534516554,0.2521269019
"485",485,0.8417983657,-0.4362198084,0.1534516554,0.2521269019
"486",486,0.8417983657,-0.4362198084,0.1534516554,0.2521269019
"487",487,0.8417983657,-0.4362198084,0.1534516554,0.2521269019
"488",488,0.8417983657,-0.4362198084,0.1534516554,0.2521269019
"489",489,0.8417983657,-0.4362198084,0.1534516554,0.2521269019
"490",490,0.8417983657,-0.4362198084,0.1534516554,0.2521269019
"491",491,0.8417983657,-0.4362198084,0.1534516554,0.2521269019
"492",492,0.8417983657,-0.4362198084,0.1534516554,0.2521269019
"493",493,0.8417983657,-0.4362198084,0.1534516554,0.2521269019
"494",494,0.8417983657,-0.4362198084,0.1534516554,0.2521269019
"495",495,0.8417983657,-0.4362198084,0.1534516554,0.2521269019
"496",496,0.8417983657,-0.4362198084,0.1534516554,0.2521269019
"497",497,0.8417983657,-0.4362198084,0.1534516554,0.2521269019
"498",498,0.8417983657,-0.4362198084,0.1534516554,0.2521269019
"499",499,0.8417983657,-0.4362198084,0.1534516554,0.2521269019
"500",500,0.8417983657,-0.4362198084,0.1534516554,0.2521269019
"501",501,0.8417983657,-0.4362198084,0.1534516554,0.2521269019
"502",502,0.8417983657,-0.4362198084,0.1534516554,0.2521269019
"503",503,0.8417983657,-0.4362198084,0.1534516554,0.2521269019
"504",504,0.8417983657,-0.4362198084,0.1534516554,0.2521269019
"505",505,0.8417983657,-0.4362198084,0.1534516554,0.2521269019
"506",506,0.8417983657,-0.4362198084,0.1534516554,0.2521269019
"507",507,0.8417983657,-0.4362198084,0.1534516554,0.2521269019
"508",508,0.8417983657,-0.4362198084,0.1534516554,0.2521269019
"509",509,0.8236393678,-0.4362198084,0.1369256262,0.2504939332
"510",510,0.8236393678,-0.4362198084,0.1369256262,0.2504939332
"511",511,0.8236393678,-0.4362198084,0.1369256262,0.2504939332
"512",512,0.8236393678,-0.4362198084,0.1369256262,0.2504939332
"513",513,0.8236393678,-0.4362198084,0.1369256262,0.2504939332
"514",514,0.8236393678,-0.4362198084,0.1369256262,0.2504939332
"515",515,0.8236393678,-0.4362198084,0.1369256262,0.2504939332
"516",516,0.8236393678,-0.4362198084,0.1369256262,0.2504939332
"517",517,0.8236393678,-0.4362198084,0.1369256262,0.2504939332
"518",518,0.8236393678,-0.4362198084,0.1369256262,0.2504939332
"519",519,0.8236393678,-0.4362198084,0.1369256262,0.2504939332
"520",520,0.8236393678,-0.4362198084,0.1369256262,0.2504939332
"521",521,0.8236393678,-0.4362198084,0.1369256262,0.2504939332
"522",522,0.8236393678,-0.4362198084,0.1369256262,0.2504939332
"523",523,0.8236393678,-0.4362198084,0.1369256262,0.2504939332
"524",524,0.8236393678,-0.4362198084,0.1369256262,0.2504939332
"525",525,0.8236393678,-0.4362198084,0.1369256262,0.2504939332
"526",526,0.8236393678,-0.4362198084,0.1369256262,0.2504939332
"527",527,0.8236393678,-0.4362198084,0.1369256262,0.2504939332
"528",528,0.8236393678,-0.4362198084,0.1369256262,0.2504939332
"529",529,0.8236393678,-0.4362198084,0.1369256262,0.2504939332
"530",530,0.8236393678,-0.4362198084,0.1369256262,0.2504939332
"531",531,0.8236393678,-0.4362198084,0.1369256262,0.2504939332
"532",532,0.8236393678,-0.4362198084,0.1369256262,0.2504939332
"533",533,0.8236393678,-0.4362198084,0.1369256262,0.2504939332
"534",534,0.8236393678,-0.4362198084,0.1369256262,0.2504939332
"535",535,0.8236393678,-0.4362198084,0.1369256262,0.2504939332
"536",536,0.8236393678,-0.4362198084,0.1369256262,0.2504939332
"537",537,0.8236393678,-0.4362198084,0.1369256262,0.2504939332
"538",538,0.8236393678,-0.4362198084,0.1369256262,0.2504939332
"539",539,0.8236708339,-0.4362198084,0.1369699797,0.2504810458
"540",540,0.8236708339,-0.4362198084,0.1369699797,0.2504810458
"541",541,0.8236708339,-0.4362198084,0.1369699797,0.2504810458
"542",542,0.8236708339,-0.4362198084,0.1369699797,0.2504810458
"543",543,0.8236708339,-0.4362198084,0.1369699797,0.2504810458
"544",544,0.8236708339,-0.4362198084,0.1369699797,0.2504810458
"545",545,0.8236708339,-0.4362198084,0.1369699797,0.2504810458
"546",546,0.8236708339,-0.4362198084,0.1369699797,0.2504810458
"547",547,0.8236708339,-0.4362198084,0.1369699797,0.2504810458
"548",548,0.8236708339,-0.4362198084,0.1369699797,0.2504810458
"549",549,0.8236708339,-0.4362198084,0.1369699797,0.2504810458
"550",550,0.8236708339,-0.4362198084,0.1369699797,0.2504810458
"551",551,0.8236708339,-0.4362198084,0.1369699797,0.2504810458
"552",552,0.8236708339,-0.4362198084,0.1369699797,0.2504810458
"553",553,0.8236708339,-0.4362198084,0.1369699797,0.2504810458
"554",554,0.8236708339,-0.4362198084,0.1369699797,0.2504810458
"555",555,0.8236708339,-0.4362198084,0.1369699797,0.2504810458
"556",556,0.8236708339,-0.4362198084,0.1369699797,0.2504810458
"557",557,0.8236708339,-0.4362198084,0.1369699797,0.2504810458
"558",558,0.8236708339,-0.4362198084,0.1369699797,0.2504810458
"559",559,0.8236708339,-0.4362198084,0.1369699797,0.2504810458
"560",560,0.8236708339,-0.4362198084,0.1369699797,0.2504810458
"561",561,0.8236708339,-0.4362198084,0.1369699797,0.2504810458
"562",562,0.8236708339,-0.4362198084,0.1369699797,0.2504810458
"563",563,0.8236708339,-0.4362198084,0.1369699797,0.2504810458
"564",564,0.8236708339,-0.4362198084,0.1369699797,0.2504810458
"565",565,0.8236708339,-0.4362198084,0.1369699797,0.2504810458
"566",566,0.8236708339,-0.4362198084,0.1369699797,0.2504810458
"567",567,0.8236708339,-0.4362198084,0.1369699797,0.2504810458
"568",568,0.8236708339,-0.4362198084,0.1369699797,0.2504810458
"569",569,0.8236708339,-0.4362198084,0.1369699797,0.2504810458
"570",570,0.8236708339,-0.4362198084,0.1369699797,0.2504810458
"571",571,0.8236708339,-0.4362198084,0.1369699797,0.2504810458
"572",572,0.8236708339,-0.4362198084,0.1369699797,0.2504810458
"573",573,0.8236708339,-0.4362198084,0.1369699797,0.2504810458
"574",574,0.8236708339,-0.4362198084,0.1369699797,0.2504810458
"575",575,0.8236708339,-0.4362198084,0.1369699797,0.2504810458
"576",576,0.8236708339,-0.4362198084,0.1369699797,0.2504810458
"577",577,0.8236708339,-0.4362198084,0.1369699797,0.2504810458
"578",578,0.8236708339,-0.4362198084,0.1369699797,0.2504810458
"579",579,0.8236708339,-0.4362198084,0.1369699797,0.2504810458
"580",580,0.8236708339,-0.4362198084,0.1369699797,0.2504810458
"581",581,0.8236708339,-0.4362198084,0.1369699797,0.2504810458
"582",582,0.8236708339,-0.4362198084,0.1369699797,0.2504810458
"583",583,0.8236708339,-0.4362198084,0.1369699797,0.2504810458
"584",584,0.8236708339,-0.4362198084,0.1369699797,0.2504810458
"585",585,0.8236708339,-0.4362198084,0.1369699797,0.2504810458
"586",586,0.8236708339,-0.4362198084,0.1369699797,0.2504810458
"587",587,0.8236708339,-0.4362198084,0.1369699797,0.2504810458
"588",588,0.8236708339,-0.4362198084,0.1369699797,0.2504810458
"589",589,0.8236708339,-0.4362198084,0.1369699797,0.2504810458
"590",590,0.8236708339,-0.4362198084,0.1369699797,0.2504810458
"591",591,0.8236708339,-0.4362198084,0.1369699797,0.2504810458
"592",592,0.8236708339,-0.4362198084,0.1369699797,0.2504810458
"593",593,0.8236708339,-0.4362198084,0.1369699797,0.2504810458
"594",594,0.8236708339,-0.4362198084,0.1369699797,0.2504810458
"595",595,0.8236708339,-0.4362198084,0.1369699797,0.2504810458
"596",596,0.8236708339,-0.4362198084,0.1369699797,0.2504810458
"597",597,0.8236708339,-0.4362198084,0.1369699797,0.2504810458
"598",598,0.8236708339,-0.4362198084,0.1369699797,0.2504810458
"599",599,0.8236708339,-0.4362198084,0.1369699797,0.2504810458
"600",600,0.8236708339,-0.4362198084,0.1369699797,0.2504810458
"601",601,0.8236708339,-0.4362198084,0.1369699797,0.2504810458
"602",602,0.8236708339,-0.4362198084,0.1369699797,0.2504810458
"603",603,0.8236708339,-0.4362198084,0.1369699797,0.2504810458
"604",604,0.8236708339,-0.4362198084,0.1369699797,0.2504810458
"605",605,0.8236708339,-0.4362198084,0.1369699797,0.2504810458
"606",606,0.8236708339,-0.4362198084,0.1369699797,0.2504810458
"607",607,0.8236708339,-0.4362198084,0.1369699797,0.2504810458
"608",608,0.8236708339,-0.4362198084,0.1369699797,0.2504810458
"609",609,0.8236708339,-0.4362198084,0.1369699797,0.2504810458
"610",610,0.8236708339,-0.4362198084,0.1369699797,0.2504810458
"611",611,0.8236708339,-0.4362198084,0.1369699797,0.2504810458
"612",612,0.8236708339,-0.4362198084,0.1369699797,0.2504810458
"613",613,0.8236708339,-0.4362198084,0.1369699797,0.2504810458
"614",614,0.8218224911,-0.4362198084,0.1352878628,0.2503148199
"615",615,0.8218224911,-0.4362198084,0.1352878628,0.2503148199
"616",616,0.8218224911,-0.4362198084,0.1352878628,0.2503148199
"617",617,0.8218224911,-0.4362198084,0.1352878628,0.2503148199
"618",618,0.8218224911,-0.4362198084,0.1352878628,0.2503148199
"619",619,0.8218224911,-0.4362198084,0.1352878628,0.2503148199
"620",620,0.8218224911,-0.4362198084,0.1352878628,0.2503148199
"621",621,0.8218224911,-0.4362198084,0.1352878628,0.2503148199
"622",622,0.8218224911,-0.4362198084,0.1352878628,0.2503148199
"623",623,0.8218224911,-0.4362198084,0.1352878628,0.2503148199
"624",624,0.8218224911,-0.4362198084,0.1352878628,0.2503148199
"625",625,0.8218224911,-0.4362198084,0.1352878628,0.2503148199
"626",626,0.8218224911,-0.4362198084,0.1352878628,0.2503148199
"627",627,0.8218224911,-0.4362198084,0.1352878628,0.2503148199
"628",628,0.8218224911,-0.4362198084,0.1352878628,0.2503148199
"629",629,0.8166815235,-0.4362198084,0.1306092548,0.2498524603
"630",630,0.8166815235,-0.4362198084,0.1306092548,0.2498524603
"631",631,0.8166815235,-0.4362198084,0.1306092548,0.2498524603
"632",632,0.8166815235,-0.4362198084,0.1306092548,0.2498524603
"633",633,0.8166815235,-0.4362198084,0.1306092548,0.2498524603
"634",634,0.8166815235,-0.4362198084,0.1306092548,0.2498524603
"635",635,0.8166815235,-0.4362198084,0.1306092548,0.2498524603
"636",636,0.8166815235,-0.4362198084,0.1306092548,0.2498524603
"637",637,0.8166815235,-0.4362198084,0.1306092548,0.2498524603
"638",638,0.8166815235,-0.4362198084,0.1306092548,0.2498524603
"639",639,0.8166815235,-0.4362198084,0.1306092548,0.2498524603
"640",640,0.8166815235,-0.4362198084,0.1306092548,0.2498524603
"641",641,0.8166815235,-0.4362198084,0.1306092548,0.2498524603
"642",642,0.8166815235,-0.4362198084,0.1306092548,0.2498524603
"643",643,0.8166815235,-0.4362198084,0.1306092548,0.2498524603
"644",644,0.8166815235,-0.4362198084,0.1306092548,0.2498524603
"645",645,0.8166815235,-0.4362198084,0.1306092548,0.2498524603
"646",646,0.8166815235,-0.4362198084,0.1306092548,0.2498524603
"647",647,0.8166815235,-0.4362198084,0.1306092548,0.2498524603
"648",648,0.8166815235,-0.4362198084,0.1306092548,0.2498524603
"649",649,0.8166815235,-0.4362198084,0.1306092548,0.2498524603
"650",650,0.8166815235,-0.4362198084,0.1306092548,0.2498524603
"651",651,0.8166815235,-0.4362198084,0.1306092548,0.2498524603
"652",652,0.8166815235,-0.4362198084,0.1306092548,0.2498524603
"653",653,0.8166815235,-0.4362198084,0.1306092548,0.2498524603
"654",654,0.8166815235,-0.4362198084,0.1306092548,0.2498524603
"655",655,0.8166815235,-0.4362198084,0.1306092548,0.2498524603
"656",656,0.8166815235,-0.4362198084,0.1306092548,0.2498524603
"657",657,0.8166815235,-0.4362198084,0.1306092548,0.2498524603
"658",658,0.8346006297,-0.4362198084,0.1469169112,0.2514639101
"659",659,0.8346006297,-0.4362198084,0.1469169112,0.2514639101
"660",660,0.8346006297,-0.4362198084,0.1469169112,0.2514639101
"661",661,0.8346006297,-0.4362198084,0.1469169112,0.2514639101
"662",662,0.8346006297,-0.4362198084,0.1469169112,0.2514639101
"663",663,0.8346006297,-0.4362198084,0.1469169112,0.2514639101
"664",664,0.8346006297,-0.4362198084,0.1469169112,0.2514639101
"665",665,0.8346006297,-0.4362198084,0.1469169112,0.2514639101
"666",666,0.8346006297,-0.4362198084,0.1469169112,0.2514639101
"667",667,0.8346006297,-0.4362198084,0.1469169112,0.2514639101
"668",668,0.8346006297,-0.4362198084,0.1469169112,0.2514639101
"669",669,0.8346006297,-0.4362198084,0.1469169112,0.2514639101
"670",670,0.8511814625,-0.4362198084,0.1620069651,0.252954689
"671",671,0.8511814625,-0.4362198084,0.1620069651,0.252954689
"672",672,0.8511814625,-0.4362198084,0.1620069651,0.252954689
"673",673,0.8514122969,-0.4362198084,0.1622170474,0.2529754411
"674",674,0.8514122969,-0.4362198084,0.1622170474,0.2529754411
"675",675,0.8514122969,-0.4362198084,0.1622170474,0.2529754411
"676",676,0.8514122969,-0.4362198084,0.1622170474,0.2529754411
"677",677,0.8514122969,-0.4362198084,0.1622170474,0.2529754411
"678",678,0.8514122969,-0.4362198084,0.1622170474,0.2529754411
"679",679,0.8514122969,-0.4362198084,0.1622170474,0.2529754411
"680",680,0.8514122969,-0.4362198084,0.1622170474,0.2529754411
"681",681,0.8514122969,-0.4362198084,0.1622170474,0.2529754411
"682",682,0.8514122969,-0.4362198084,0.1622170474,0.2529754411
"683",683,0.8514122969,-0.4362198084,0.1622170474,0.2529754411
"684",684,0.8514122969,-0.4362198084,0.1622170474,0.2529754411
"685",685,0.8514122969,-0.4362198084,0.1622170474,0.2529754411
"686",686,0.8514122969,-0.4362198084,0.1622170474,0.2529754411
"687",687,0.8514122969,-0.4362198084,0.1622170474,0.2529754411
"688",688,0.8514122969,-0.4362198084,0.1622170474,0.2529754411
"689",689,0.8514122969,-0.4362198084,0.1622170474,0.2529754411
"690",690,0.8514122969,-0.4362198084,0.1622170474,0.2529754411
"691",691,0.8514122969,-0.4362198084,0.1622170474,0.2529754411
"692",692,0.8514122969,-0.4362198084,0.1622170474,0.2529754411
"693",693,0.8514122969,-0.4362198084,0.1622170474,0.2529754411
"694",694,0.8514122969,-0.4362198084,0.1622170474,0.2529754411
"695",695,0.8514122969,-0.4362198084,0.1622170474,0.2529754411
"696",696,0.8514122969,-0.4362198084,0.1622170474,0.2529754411
"697",697,0.8514122969,-0.4362198084,0.1622170474,0.2529754411
"698",698,0.8514122969,-0.4362198084,0.1622170474,0.2529754411
"699",699,0.8514122969,-0.4362198084,0.1622170474,0.2529754411
"700",700,0.8514122969,-0.4362198084,0.1622170474,0.2529754411
"701",701,0.8514122969,-0.4362198084,0.1622170474,0.2529754411
"702",702,0.8514122969,-0.4362198084,0.1622170474,0.2529754411
"703",703,0.8514122969,-0.4362198084,0.1622170474,0.2529754411
"704",704,0.8514122969,-0.4362198084,0.1622170474,0.2529754411
"705",705,0.8514122969,-0.4362198084,0.1622170474,0.2529754411
"706",706,0.8514122969,-0.4362198084,0.1622170474,0.2529754411
"707",707,0.8514122969,-0.4362198084,0.1622170474,0.2529754411
"708",708,0.8514122969,-0.4362198084,0.1622170474,0.2529754411
"709",709,0.8514122969,-0.4362198084,0.1622170474,0.2529754411
"710",710,0.8514122969,-0.4362198084,0.1622170474,0.2529754411
"711",711,0.8514122969,-0.4362198084,0.1622170474,0.2529754411
"712",712,0.8514122969,-0.4362198084,0.1622170474,0.2529754411
"713",713,0.8514122969,-0.4362198084,0.1622170474,0.2529754411
"714",714,0.8514122969,-0.4362198084,0.1622170474,0.2529754411
"715",715,0.8514122969,-0.4362198084,0.1622170474,0.2529754411
"716",716,0.8514122969,-0.4362198084,0.1622170474,0.2529754411
"717",717,0.8514122969,-0.4362198084,0.1622170474,0.2529754411
"718",718,0.8514122969,-0.4362198084,0.1622170474,0.2529754411
"719",719,0.8514122969,-0.4362198084,0.1622170474,0.2529754411
"720",720,0.8514122969,-0.4362198084,0.1622170474,0.2529754411
"721",721,0.8514122969,-0.4362198084,0.1622170474,0.2529754411
"722",722,0.8514122969,-0.4362198084,0.1622170474,0.2529754411
"723",723,0.848378361,-0.4362198084,0.159455868,0.2527026846
"724",724,0.848378361,-0.4362198084,0.159455868,0.2527026846
"725",725,0.848378361,-0.4362198084,0.159455868,0.2527026846
"726",726,0.848378361,-0.4362198084,0.159455868,0.2527026846
"727",727,0.848378361,-0.4362198084,0.159455868,0.2527026846
"728",728,0.848378361,-0.4362198084,0.159455868,0.2527026846
"729",729,0.848378361,-0.4362198084,0.159455868,0.2527026846
"730",730,0.848378361,-0.4362198084,0.159455868,0.2527026846
"731",731,0.848378361,-0.4362198084,0.159455868,0.2527026846
"732",732,0.848378361,-0.4362198084,0.159455868,0.2527026846
"733",733,0.848378361,-0.4362198084,0.159455868,0.2527026846
"734",734,0.848378361,-0.4362198084,0.159455868,0.2527026846
"735",735,0.848378361,-0.4362198084,0.159455868,0.2527026846
"736",736,0.848378361,-0.4362198084,0.159455868,0.2527026846
"737",737,0.848378361,-0.4362198084,0.159455868,0.2527026846
"738",738,0.848378361,-0.4362198084,0.159455868,0.2527026846
"739",739,0.848378361,-0.4362198084,0.159455868,0.2527026846
"740",740,0.848378361,-0.4362198084,0.159455868,0.2527026846
"741",741,0.848378361,-0.4362198084,0.159455868,0.2527026846
"742",742,0.848378361,-0.4362198084,0.159455868,0.2527026846
"743",743,0.848378361,-0.4362198084,0.159455868,0.2527026846
"744",744,0.848378361,-0.4362198084,0.159455868,0.2527026846
"745",745,0.848378361,-0.4362198084,0.159455868,0.2527026846
"746",746,0.848378361,-0.4362198084,0.159455868,0.2527026846
"747",747,0.848378361,-0.4362198084,0.159455868,0.2527026846
"748",748,0.848378361,-0.4362198084,0.159455868,0.2527026846
"749",749,0.848378361,-0.4362198084,0.159455868,0.2527026846
"750",750,0.848378361,-0.4362198084,0.159455868,0.2527026846
"751",751,0.848378361,-0.4362198084,0.159455868,0.2527026846
"752",752,0.848378361,-0.4362198084,0.159455868,0.2527026846
"753",753,0.848378361,-0.4362198084,0.159455868,0.2527026846
"754",754,0.848378361,-0.4362198084,0.159455868,0.2527026846
"755",755,0.848378361,-0.4362198084,0.159455868,0.2527026846
"756",756,0.848378361,-0.4362198084,0.159455868,0.2527026846
"757",757,0.848378361,-0.4362198084,0.159455868,0.2527026846
"758",758,0.848378361,-0.4362198084,0.159455868,0.2527026846
"759",759,0.848378361,-0.4362198084,0.159455868,0.2527026846
"760",760,0.848378361,-0.4362198084,0.159455868,0.2527026846
"761",761,0.848378361,-0.4362198084,0.159455868,0.2527026846
"762",762,0.848378361,-0.4362198084,0.159455868,0.2527026846
"763",763,0.848378361,-0.4362198084,0.159455868,0.2527026846
"764",764,0.848378361,-0.4362198084,0.159455868,0.2527026846
"765",765,0.848378361,-0.4362198084,0.159455868,0.2527026846
"766",766,0.848378361,-0.4362198084,0.159455868,0.2527026846
"767",767,0.848378361,-0.4362198084,0.159455868,0.2527026846
"768",768,0.848378361,-0.4362198084,0.159455868,0.2527026846
"769",769,0.848378361,-0.4362198084,0.159455868,0.2527026846
"770",770,0.848378361,-0.4362198084,0.159455868,0.2527026846
"771",771,0.848378361,-0.4362198084,0.159455868,0.2527026846
"772",772,0.848378361,-0.4362198084,0.159455868,0.2527026846
"773",773,0.848378361,-0.4362198084,0.159455868,0.2527026846
"774",774,0.848378361,-0.4362198084,0.159455868,0.2527026846
"775",775,0.848378361,-0.4362198084,0.159455868,0.2527026846
"776",776,0.848378361,-0.4362198084,0.159455868,0.2527026846
"777",777,0.848378361,-0.4362198084,0.159455868,0.2527026846
"778",778,0.848378361,-0.4362198084,0.159455868,0.2527026846
"779",779,0.848378361,-0.4362198084,0.159455868,0.2527026846
"780",780,0.848378361,-0.4362198084,0.159455868,0.2527026846
"781",781,0.848378361,-0.4362198084,0.159455868,0.2527026846
"782",782,0.848378361,-0.4362198084,0.159455868,0.2527026846
"783",783,0.848378361,-0.4362198084,0.159455868,0.2527026846
"784",784,0.848378361,-0.4362198084,0.159455868,0.2527026846
"785",785,0.848378361,-0.4362198084,0.159455868,0.2527026846
"786",786,0.848378361,-0.4362198084,0.159455868,0.2527026846
"787",787,0.848378361,-0.4362198084,0.159455868,0.2527026846
"788",788,0.848378361,-0.4362198084,0.159455868,0.2527026846
"789",789,0.848378361,-0.4362198084,0.159455868,0.2527026846
"790",790,0.848378361,-0.4362198084,0.159455868,0.2527026846
"791",791,0.848378361,-0.4362198084,0.159455868,0.2527026846
"792",792,0.848378361,-0.4362198084,0.159455868,0.2527026846
"793",793,0.848378361,-0.4362198084,0.159455868,0.2527026846
"794",794,0.848378361,-0.4362198084,0.159455868,0.2527026846
"795",795,0.848378361,-0.4362198084,0.159455868,0.2527026846
"796",796,0.848378361,-0.4362198084,0.159455868,0.2527026846
"797",797,0.848378361,-0.4362198084,0.159455868,0.2527026846
"798",798,0.848378361,-0.4362198084,0.159455868,0.2527026846
"799",799,0.848378361,-0.4362198084,0.159455868,0.2527026846
"800",800,0.848378361,-0.4362198084,0.159455868,0.2527026846
"801",801,0.848378361,-0.4362198084,0.159455868,0.2527026846
"802",802,0.848378361,-0.4362198084,0.159455868,0.2527026846
"803",803,0.848378361,-0.4362198084,0.159455868,0.2527026846
"804",804,0.848378361,-0.4362198084,0.159455868,0.2527026846
"805",805,0.848378361,-0.4362198084,0.159455868,0.2527026846
"806",806,0.848378361,-0.4362198084,0.159455868,0.2527026846
"807",807,0.848378361,-0.4362198084,0.159455868,0.2527026846
"808",808,0.848378361,-0.4362198084,0.159455868,0.2527026846
"809",809,0.848378361,-0.4362198084,0.159455868,0.2527026846
"810",810,0.848378361,-0.4362198084,0.159455868,0.2527026846
"811",811,0.848378361,-0.4362198084,0.159455868,0.2527026846
"812",812,0.848378361,-0.4362198084,0.159455868,0.2527026846
"813",813,0.851642977,-0.4362198084,0.1624269894,0.2529961792
"814",814,0.893537342,-0.4362198084,0.201492647,0.2558248866
"815",815,0.893537342,-0.4362198084,0.201492647,0.2558248866
"816",816,0.893537342,-0.4362198084,0.201492647,0.2558248866
"817",817,0.893537342,-0.4362198084,0.201492647,0.2558248866
"818",818,0.893537342,-0.4362198084,0.201492647,0.2558248866
"819",819,0.893537342,-0.4362198084,0.201492647,0.2558248866
"820",820,0.893537342,-0.4362198084,0.201492647,0.2558248866
"821",821,0.893537342,-0.4362198084,0.201492647,0.2558248866
"822",822,0.893537342,-0.4362198084,0.201492647,0.2558248866
"823",823,0.893537342,-0.4362198084,0.201492647,0.2558248866
"824",824,0.893537342,-0.4362198084,0.201492647,0.2558248866
"825",825,0.893537342,-0.4362198084,0.201492647,0.2558248866
"826",826,0.9511722971,-0.4362198084,0.261568638,0.2533838507
"827",827,0.9511722971,-0.4362198084,0.261568638,0.2533838507
"828",828,0.9511722971,-0.4362198084,0.261568638,0.2533838507
"829",829,0.9511722971,-0.4362198084,0.261568638,0.2533838507
"830",830,0.9511722971,-0.4362198084,0.261568638,0.2533838507
"831",831,0.9511722971,-0.4362198084,0.261568638,0.2533838507
"832",832,0.9511722971,-0.4362198084,0.261568638,0.2533838507
"833",833,0.9511722971,-0.4362198084,0.261568638,0.2533838507
"834",834,0.9511722971,-0.4362198084,0.261568638,0.2533838507
"835",835,0.9511722971,-0.4362198084,0.261568638,0.2533838507
"836",836,0.9511722971,-0.4362198084,0.261568638,0.2533838507
"837",837,0.9511722971,-0.4362198084,0.261568638,0.2533838507
"838",838,0.9511722971,-0.4362198084,0.261568638,0.2533838507
"839",839,0.9511722971,-0.4362198084,0.261568638,0.2533838507
"840",840,0.9511722971,-0.4362198084,0.261568638,0.2533838507
"841",841,0.9511722971,-0.4362198084,0.261568638,0.2533838507
"842",842,0.9511722971,-0.4362198084,0.261568638,0.2533838507
"843",843,0.9511722971,-0.4362198084,0.261568638,0.2533838507
"844",844,0.9511722971,-0.4362198084,0.261568638,0.2533838507
"845",845,0.9511722971,-0.4362198084,0.261568638,0.2533838507
"846",846,0.9511722971,-0.4362198084,0.261568638,0.2533838507
"847",847,0.9511722971,-0.4362198084,0.261568638,0.2533838507
"848",848,0.9511722971,-0.4362198084,0.261568638,0.2533838507
"849",849,0.9511722971,-0.4362198084,0.261568638,0.2533838507
"850",850,0.9511722971,-0.4362198084,0.261568638,0.2533838507
"851",851,0.9511722971,-0.4362198084,0.261568638,0.2533838507
"852",852,0.9511722971,-0.4362198084,0.261568638,0.2533838507
"853",853,0.9511722971,-0.4362198084,0.261568638,0.2533838507
"854",854,0.9511722971,-0.4362198084,0.261568638,0.2533838507
"855",855,0.9511722971,-0.4362198084,0.261568638,0.2533838507
"856",856,0.9511722971,-0.4362198084,0.261568638,0.2533838507
"857",857,0.9511722971,-0.4362198084,0.261568638,0.2533838507
"858",858,0.9511722971,-0.4362198084,0.261568638,0.2533838507
"859",859,0.9511722971,-0.4362198084,0.261568638,0.2533838507
"860",860,0.9511722971,-0.4362198084,0.261568638,0.2533838507
"861",861,0.9511722971,-0.4362198084,0.261568638,0.2533838507
"862",862,0.9511722971,-0.4362198084,0.261568638,0.2533838507
"863",863,0.9511722971,-0.4362198084,0.261568638,0.2533838507
"864",864,0.9511722971,-0.4362198084,0.261568638,0.2533838507
"865",865,0.9511722971,-0.4362198084,0.261568638,0.2533838507
"866",866,0.9511722971,-0.4362198084,0.261568638,0.2533838507
"867",867,0.9511722971,-0.4362198084,0.261568638,0.2533838507
"868",868,0.9511722971,-0.4362198084,0.261568638,0.2533838507
"869",869,0.9511722971,-0.4362198084,0.261568638,0.2533838507
"870",870,0.9511722971,-0.4362198084,0.261568638,0.2533838507
"871",871,0.9511722971,-0.4362198084,0.261568638,0.2533838507
"872",872,0.9511722971,-0.4362198084,0.261568638,0.2533838507
"873",873,0.9511722971,-0.4362198084,0.261568638,0.2533838507
"874",874,0.9511722971,-0.4362198084,0.261568638,0.2533838507
"875",875,0.9511722971,-0.4362198084,0.261568638,0.2533838507
"876",876,0.9511722971,-0.4362198084,0.261568638,0.2533838507
"877",877,0.9511722971,-0.4362198084,0.261568638,0.2533838507
"878",878,0.9511722971,-0.4362198084,0.261568638,0.2533838507
"879",879,0.9511722971,-0.4362198084,0.261568638,0.2533838507
"880",880,0.9511722971,-0.4362198084,0.261568638,0.2533838507
"881",881,0.9511722971,-0.4362198084,0.261568638,0.2533838507
"882",882,0.9511722971,-0.4362198084,0.261568638,0.2533838507
"883",883,0.9511722971,-0.4362198084,0.261568638,0.2533838507
"884",884,0.9511722971,-0.4362198084,0.261568638,0.2533838507
"885",885,0.9511722971,-0.4362198084,0.261568638,0.2533838507
"886",886,0.9511722971,-0.4362198084,0.261568638,0.2533838507
"887",887,0.9511722971,-0.4362198084,0.261568638,0.2533838507
"888",888,0.9511722971,-0.4362198084,0.261568638,0.2533838507
"889",889,0.9511722971,-0.4362198084,0.261568638,0.2533838507
"890",890,0.9511722971,-0.4362198084,0.261568638,0.2533838507
"891",891,0.9511722971,-0.4362198084,0.261568638,0.2533838507
"892",892,0.9511722971,-0.4362198084,0.261568638,0.2533838507
"893",893,0.9511722971,-0.4362198084,0.261568638,0.2533838507
"894",894,0.9511722971,-0.4362198084,0.261568638,0.2533838507
"895",895,0.9511722971,-0.4362198084,0.261568638,0.2533838507
"896",896,0.9511722971,-0.4362198084,0.261568638,0.2533838507
"897",897,0.9511722971,-0.4362198084,0.261568638,0.2533838507
"898",898,0.9511722971,-0.4362198084,0.261568638,0.2533838507
"899",899,0.9511722971,-0.4362198084,0.261568638,0.2533838507
"900",900,0.9511722971,-0.4362198084,0.261568638,0.2533838507
"901",901,0.9511722971,-0.4362198084,0.261568638,0.2533838507
"902",902,0.9511722971,-0.4362198084,0.261568638,0.2533838507
"903",903,0.9511722971,-0.4362198084,0.261568638,0.2533838507
"904",904,0.9511722971,-0.4362198084,0.261568638,0.2533838507
"905",905,0.9511722971,-0.4362198084,0.261568638,0.2533838507
"906",906,0.9511722971,-0.4362198084,0.261568638,0.2533838507
"907",907,0.9511722971,-0.4362198084,0.261568638,0.2533838507
"908",908,0.9511722971,-0.4362198084,0.261568638,0.2533838507
"909",909,0.9511722971,-0.4362198084,0.261568638,0.2533838507
"910",910,0.9511722971,-0.4362198084,0.261568638,0.2533838507
"911",911,0.9511722971,-0.4362198084,0.261568638,0.2533838507
"912",912,0.9511722971,-0.4362198084,0.261568638,0.2533838507
"913",913,0.9511722971,-0.4362198084,0.261568638,0.2533838507
"914",914,0.9511722971,-0.4362198084,0.261568638,0.2533838507
"915",915,0.9511722971,-0.4362198084,0.261568638,0.2533838507
"916",916,0.9511722971,-0.4362198084,0.261568638,0.2533838507
"917",917,0.9511722971,-0.4362198084,0.261568638,0.2533838507
"918",918,0.9511722971,-0.4362198084,0.261568638,0.2533838507
"919",919,0.9511722971,-0.4362198084,0.261568638,0.2533838507
"920",920,0.9511722971,-0.4362198084,0.261568638,0.2533838507
"921",921,0.9511722971,-0.4362198084,0.261568638,0.2533838507
"922",922,0.9511722971,-0.4362198084,0.261568638,0.2533838507
"923",923,0.9511722971,-0.4362198084,0.261568638,0.2533838507
"924",924,0.9511722971,-0.4362198084,0.261568638,0.2533838507
"925",925,0.4103817615,-0.4362198084,-0.2816318323,0.2557937854
"926",926,0.4103817615,-0.4362198084,-0.2816318323,0.2557937854
"927",927,0.4103817615,-0.4362198084,-0.2816318323,0.2557937854
"928",928,0.4103817615,-0.4362198084,-0.2816318323,0.2557937854
"929",929,0.4103817615,-0.4362198084,-0.2816318323,0.2557937854
"930",930,0.4103817615,-0.4362198084,-0.2816318323,0.2557937854
"931",931,0.4103817615,-0.4362198084,-0.2816318323,0.2557937854
"932",932,0.4103817615,-0.4362198084,-0.2816318323,0.2557937854
"933",933,0.4103817615,-0.4362198084,-0.2816318323,0.2557937854
"934",934,0.4103817615,-0.4362198084,-0.2816318323,0.2557937854
"935",935,0.4103817615,-0.4362198084,-0.2816318323,0.2557937854
"936",936,0.4103817615,-0.4362198084,-0.2816318323,0.2557937854
"937",937,0.4103817615,-0.4362198084,-0.2816318323,0.2557937854
"938",938,0.4103817615,-0.4362198084,-0.2816318323,0.2557937854
"939",939,0.4103817615,-0.4362198084,-0.2816318323,0.2557937854
"940",940,0.4103817615,-0.4362198084,-0.2816318323,0.2557937854
"941",941,0.4103817615,-0.4362198084,-0.2816318323,0.2557937854
"942",942,0.4103817615,-0.4362198084,-0.2816318323,0.2557937854
"943",943,0.4103817615,-0.4362198084,-0.2816318323,0.2557937854
"944",944,0.4103817615,-0.4362198084,-0.2816318323,0.2557937854
"945",945,0.4103817615,-0.4362198084,-0.2816318323,0.2557937854
"946",946,0.4103817615,-0.4362198084,-0.2816318323,0.2557937854
"947",947,0.4103817615,-0.4362198084,-0.2816318323,0.2557937854
"948",948,0.4103817615,-0.4362198084,-0.2816318323,0.2557937854
"949",949,0.4103817615,-0.4362198084,-0.2816318323,0.2557937854
"950",950,0.4103817615,-0.4362198084,-0.2816318323,0.2557937854
"951",951,0.4103817615,-0.4362198084,-0.2816318323,0.2557937854
"952",952,0.4103817615,-0.4362198084,-0.2816318323,0.2557937854
"953",953,0.4103817615,-0.4362198084,-0.2816318323,0.2557937854
"954",954,0.4103817615,-0.4362198084,-0.2816318323,0.2557937854
"955",955,0.4103817615,-0.4362198084,-0.2816318323,0.2557937854
"956",956,0.4103817615,-0.4362198084,-0.2816318323,0.2557937854
"957",957,0.4103817615,-0.4362198084,-0.2816318323,0.2557937854
"958",958,0.4103817615,-0.4362198084,-0.2816318323,0.2557937854
"959",959,0.4103817615,-0.4362198084,-0.2816318323,0.2557937854
"960",960,0.4103817615,-0.4362198084,-0.2816318323,0.2557937854
"961",961,0.4103817615,-0.4362198084,-0.2816318323,0.2557937854
"962",962,0.4103817615,-0.4362198084,-0.2816318323,0.2557937854
"963",963,0.4103817615,-0.4362198084,-0.2816318323,0.2557937854
"964",964,0.4103817615,-0.4362198084,-0.2816318323,0.2557937854
"965",965,0.4103817615,-0.4362198084,-0.2816318323,0.2557937854
"966",966,0.4103817615,-0.4362198084,-0.2816318323,0.2557937854
"967",967,0.4103817615,-0.4362198084,-0.2816318323,0.2557937854
"968",968,0.4103817615,-0.4362198084,-0.2816318323,0.2557937854
"969",969,0.4103817615,-0.4362198084,-0.2816318323,0.2557937854
"970",970,0.4103817615,-0.4362198084,-0.2816318323,0.2557937854
"971",971,0.4103817615,-0.4362198084,-0.2816318323,0.2557937854
"972",972,0.4103817615,-0.4362198084,-0.2816318323,0.2557937854
"973",973,0.4103817615,-0.4362198084,-0.2816318323,0.2557937854
"974",974,0.4103817615,-0.4362198084,-0.2816318323,0.2557937854
"975",975,0.4103817615,-0.4362198084,-0.2816318323,0.2557937854
"976",976,0.4103817615,-0.4362198084,-0.2816318323,0.2557937854
"977",977,0.4103817615,-0.4362198084,-0.2816318323,0.2557937854
"978",978,0.4103817615,-0.4362198084,-0.2816318323,0.2557937854
"979",979,0.4103817615,-0.4362198084,-0.2816318323,0.2557937854
"980",980,0.4103817615,-0.4362198084,-0.2816318323,0.2557937854
"981",981,0.4103817615,-0.4362198084,-0.2816318323,0.2557937854
"982",982,0.4103817615,-0.4362198084,-0.2816318323,0.2557937854
"983",983,0.4103817615,-0.4362198084,-0.2816318323,0.2557937854
"984",984,0.4103817615,-0.4362198084,-0.2816318323,0.2557937854
"985",985,0.4103817615,-0.4362198084,-0.2816318323,0.2557937854
"986",986,0.4103817615,-0.4362198084,-0.2816318323,0.2557937854
"987",987,0.4103817615,-0.4362198084,-0.2816318323,0.2557937854
"988",988,0.4103817615,-0.4362198084,-0.2816318323,0.2557937854
"989",989,0.4103817615,-0.4362198084,-0.2816318323,0.2557937854
"990",990,0.4103817615,-0.4362198084,-0.2816318323,0.2557937854
"991",991,0.4103817615,-0.4362198084,-0.2816318323,0.2557937854
"992",992,0.4103817615,-0.4362198084,-0.2816318323,0.2557937854
"993",993,0.4103817615,-0.4362198084,-0.2816318323,0.2557937854
"994",994,0.4103817615,-0.4362198084,-0.2816318323,0.2557937854
"995",995,0.4103817615,-0.4362198084,-0.2816318323,0.2557937854
"996",996,0.4103817615,-0.4362198084,-0.2816318323,0.2557937854
"997",997,0.4103817615,-0.4362198084,-0.2816318323,0.2557937854
"998",998,0.4103817615,-0.4362198084,-0.2816318323,0.2557937854
"999",999,0.4103817615,-0.4362198084,-0.2816318323,0.2557937854
"1000",1000,0.4103817615,-0.4362198084,-0.2816318323,0.2557937854
