Distance,Delta_Growth_Mean,Delta_Growth_Mean_Null,Delta_Growth_SE,Delta_Growth_SE_Null
1,6.95943370487839E-10,7.41332614379031E-10,2.28764598341628E-10,2.42194564607012E-10
2,7.97763996222048E-06,7.97771849415971E-06,7.97688967341659E-06,7.97688959526517E-06
3,1.59545303912047E-05,1.59546089142574E-05,1.12753779854031E-05,1.12753778745412E-05
4,1.5954530248471E-05,1.59546087952362E-05,1.1275377985605E-05,1.12753778747144E-05
5,1.59546154790556E-05,1.5954691635542E-05,1.12753778652118E-05,1.12753777576763E-05
6,0.000015974,1.59443848614505E-05,0.000011289,1.12681158959593E-05
7,0.000015974,1.5944500034337E-05,0.000011289,1.12681157334199E-05
8,0.000015974,1.59446158804867E-05,0.000011289,1.12681155711052E-05
9,5.47385358318884E-05,5.47092747156385E-05,4.03595162146574E-05,4.03537216657351E-05
10,5.47385358319036E-05,5.47093898891522E-05,4.03595162146574E-05,4.03537215105854E-05
11,5.48295843055725E-05,5.47607394276325E-05,4.03775182283696E-05,4.03637733726823E-05
12,5.48295843074179E-05,5.47608546031992E-05,4.03775182283671E-05,4.03637732180794E-05
13,9.35936446492238E-05,9.35250865503672E-05,5.59351717926331E-05,5.59252979916445E-05
14,9.35936982475343E-05,9.35252688260097E-05,5.59351717029173E-05,5.592529768836E-05
15,0.0001323578,0.0001322895,0.000068001,6.79929065401936E-05
16,0.0001323578,0.0001322894,0.000068001,6.79929066496582E-05
17,0.000132358,0.0001322898,0.000068001,6.7992905976467E-05
18,0.000132358,0.0001322901,0.000068001,6.79929053288662E-05
19,0.0001321666,0.0001320839,6.78923639522305E-05,6.78756721670139E-05
20,0.0001709309,0.0001708485,7.81138671946739E-05,7.80994024516492E-05
21,0.0001711238,0.000171053,7.82094506962212E-05,7.82006621506367E-05
22,0.0001711239,0.0001710536,7.82094505062828E-05,7.82006609292735E-05
23,0.0001797154,0.0001790271,7.86611861966359E-05,7.85886516900174E-05
24,0.0001797154,0.0001790277,7.8661186004806E-05,7.85886503568266E-05
25,0.0001876924,0.0001870052,7.90464605779215E-05,7.89743471231253E-05
26,0.0001876924,0.0001870057,7.90464605779215E-05,7.89743458290119E-05
27,0.0001877266,0.0001868472,7.90498404715637E-05,7.89588016024533E-05
28,0.0001878519,0.0001869503,7.90874261682527E-05,7.89955582660719E-05
29,0.0001878519,0.0001869509,7.90874261682526E-05,7.89955569746936E-05
30,0.0001878518,0.0001869515,7.90874262841317E-05,7.89955555199694E-05
31,0.0002345919,0.000233693,0.000088334,8.8252307189425E-05
32,0.0002673578,0.000272111,9.60892365263678E-05,0.000096269
33,0.0002675822,0.0002721115,9.61077393786654E-05,0.000096269
34,0.0002675822,0.0002721122,9.61077391362698E-05,9.62689482070136E-05
35,0.0002676047,0.0002721128,9.61076791633997E-05,9.62689466154162E-05
36,0.0002676047,0.000278932,9.61076792540555E-05,9.64908793948044E-05
37,0.0003451329,0.0003564609,0.0001104421,0.0001107678
38,0.0003840901,0.0003954299,0.0001169965,0.000117304
39,0.0003920671,0.0004034075,0.000117242,0.000117548
40,0.0003920672,0.0004034081,0.000117242,0.000117548
41,0.0003920672,0.0004034087,0.000117242,0.000117548
42,0.0003920672,0.0004034093,0.000117242,0.000117548
43,0.0003920672,0.00040341,0.000117242,0.000117548
44,0.0004309118,0.0004422451,0.0001233857,0.00012367
45,0.000469697,0.0004810352,0.0001292086,0.000129478
46,0.000469697,0.0004810358,0.0001292086,0.000129478
47,0.000469697,0.0004810364,0.0001292086,0.000129478
48,0.0004776503,0.0004889151,0.0001294242,0.0001296882
49,0.0004856413,0.0004968851,0.0001296412,0.0001299028
50,0.0004934121,0.0005047469,0.0001298448,0.0001301104
51,0.0004943472,0.0005127374,0.0001298446,0.0001303245
52,0.0005377552,0.0005499479,0.0001351481,0.0001354394
53,0.0005377624,0.0005499484,0.0001351481,0.0001354394
54,0.0005765265,0.0005887131,0.000140449,0.000140726
55,0.0006153595,0.0006275507,0.0001455648,0.0001458298
56,0.0006153595,0.0006275512,0.0001455648,0.0001458298
57,0.0006061183,0.000626297,0.000145053,0.0001455033
58,0.0006448824,0.0006650617,0.0001499866,0.0001504169
59,0.0006448826,0.0006650624,0.0001499866,0.0001504169
60,0.0007913663,0.0007019092,0.0001888715,0.0001547007
61,0.000790979,0.0007018606,0.0001888698,0.0001546984
62,0.0007893475,0.0007016419,0.0001888145,0.0001546882
63,0.0008247574,0.0007405874,0.0001925169,0.0001593302
64,0.0008247573,0.000740588,0.0001925169,0.0001593302
65,0.0008239471,0.0007405886,0.0001923644,0.0001593302
66,0.0008318324,0.0007478693,0.0001924249,0.0001593778
67,0.0008318324,0.0007558468,0.0001924249,0.0001595399
68,0.0008300452,0.000754554,0.0001920834,0.000159279
69,0.0007918386,0.0007545946,0.0001884061,0.0001592829
70,0.0007918387,0.0007545952,0.0001884061,0.0001592829
71,0.0007999555,0.0007625052,0.0001885467,0.0001594417
72,0.0008000617,0.0007626181,0.0001885682,0.0001594685
73,0.0008519035,0.0008135131,0.0001920125,0.0001634696
74,0.0008894062,0.0008497788,0.0001954771,0.0001672676
75,0.0009274152,0.0008877823,0.0001989681,0.0001713397
76,0.0008886512,0.0008876293,0.0001953321,0.0001713337
77,0.0009267202,0.000925159,0.0001988446,0.0001752151
78,0.0009266783,0.0009251142,0.0001988373,0.0001752062
79,0.0009111084,0.0009248575,0.0001906265,0.0001751962
80,0.0009111084,0.000924858,0.0001906265,0.0001751962
81,0.0009880831,0.001001781,0.0001978836,0.0001830494
82,0.000988083,0.0010017819,0.0001978836,0.0001830494
83,0.0009880832,0.0010017824,0.0001978836,0.0001830494
84,0.0009868551,0.0010005313,0.0001976559,0.0001827988
85,0.0009855269,0.0010005319,0.0001976614,0.0001827988
86,0.0009855254,0.001000531,0.0001976611,0.0001827985
87,0.0010108588,0.0010301603,0.0001991524,0.0001841424
88,0.001057168,0.0010935169,0.0002027323,0.0001921129
89,0.0010489781,0.0010931043,0.0002025933,0.0001920322
90,0.0010499219,0.0011005672,0.0002025916,0.000192053
91,0.001049109,0.0011086312,0.0002025718,0.0001921872
92,0.0010907078,0.0011654946,0.000206574,0.0002000922
93,0.0010995842,0.0011734722,0.0002067169,0.0002002046
94,0.0011752903,0.0012491811,0.0002131404,0.0002068016
95,0.0011771382,0.0012645801,0.0002131309,0.0002069948
96,0.0011771382,0.0012645806,0.0002131309,0.0002069948
97,0.0011772352,0.0013035769,0.0002131473,0.0002104005
98,0.0012153499,0.0013412737,0.0002163207,0.0002135209
99,0.0012140979,0.0013400096,0.0002161075,0.0002133036
100,0.0012141904,0.0013401601,0.0002161328,0.0002133287
101,0.0012145182,0.001340187,0.0002161541,0.0002133407
102,0.0012146591,0.00134035,0.0002161761,0.0002133667
103,0.0012146593,0.0013403505,0.0002161761,0.0002133667
104,0.0012146595,0.0013403514,0.0002161761,0.0002133667
105,0.0012234569,0.0013482148,0.0002163056,0.0002134621
106,0.0012234575,0.001348216,0.0002163057,0.0002134622
107,0.0012234579,0.0013482169,0.0002163058,0.0002134623
108,0.0012400501,0.0013671227,0.0002165299,0.0002137709
109,0.0012400506,0.0013671236,0.0002165299,0.0002137709
110,0.0012417632,0.0013674539,0.0002168241,0.0002138271
111,0.0012460306,0.0013674545,0.0002168416,0.0002138271
112,0.0012460308,0.0013671971,0.0002168416,0.0002138194
113,0.0012895542,0.001411072,0.0002198982,0.0002167286
114,0.0012888836,0.0014095541,0.0002197876,0.0002164528
115,0.0013271098,0.0014477648,0.0002228659,0.0002195541
116,0.0013655278,0.0014844033,0.0002259271,0.0002223552
117,0.0013626025,0.00147927,0.0002254235,0.0002211335
118,0.0013626139,0.0014792707,0.0002254237,0.0002211335
119,0.001363045,0.0014792713,0.0002254925,0.0002211335
120,0.0013710736,0.0014872643,0.0002255853,0.0002212217
121,0.0014439269,0.0015595371,0.0002309734,0.0002265858
122,0.0014428435,0.0015583317,0.0002307999,0.0002263984
123,0.0014864351,0.0015583277,0.0002418079,0.0002263977
124,0.0014777391,0.0015572991,0.0002416185,0.000226172
125,0.0014764803,0.0015525368,0.0002414274,0.0002254193
126,0.0014764803,0.0015525374,0.0002414274,0.0002254193
127,0.0014400505,0.0015525381,0.0002388829,0.0002254193
128,0.0014621868,0.0015755677,0.0002390954,0.0002256171
129,0.0014996174,0.001613063,0.0002417807,0.0002284527
130,0.0014995351,0.00161297,0.0002417692,0.0002284413
131,0.001507514,0.0016209576,0.0002418513,0.0002285244
132,0.0015082921,0.0016207046,0.0002418747,0.0002284842
133,0.0015018536,0.0016207053,0.000241829,0.0002284842
134,0.0014811749,0.0016128521,0.0002393427,0.0002266314
135,0.0014817457,0.0016128527,0.0002393589,0.0002266314
136,0.0014811042,0.0016128533,0.0002391121,0.0002266314
137,0.0014811458,0.0016104833,0.0002391132,0.0002262756
138,0.0014811459,0.001610484,0.0002391132,0.0002262756
139,0.0020835936,0.001624478,0.0007285132,0.0002271083
140,0.0022572834,0.0016621363,0.0007415663,0.000229943
141,0.0022495512,0.0017086713,0.0007415499,0.000232986
142,0.0022863242,0.0017446625,0.0007422266,0.0002353968
143,0.0022863227,0.0017447446,0.0007422323,0.0002354182
144,0.0023326963,0.0017900467,0.0007431227,0.0002381878
145,0.0023702841,0.001828567,0.0007439548,0.0002410103
146,0.0023702708,0.0018645764,0.0007439547,0.0002434195
147,0.0023779741,0.0018724823,0.0007439701,0.0002434873
148,0.0023778527,0.0018723311,0.0007439648,0.0002434656
149,0.0023773929,0.0019095653,0.0007439423,0.0002460111
150,0.002377565,0.0019258699,0.0007439477,0.000248897
151,0.0023395238,0.0019258823,0.0007430942,0.0002488973
152,0.0023395239,0.0019258831,0.0007430942,0.0002488973
153,0.0023778423,0.0019642103,0.0007439608,0.0002515369
154,0.0023908737,0.0019638192,0.0007440331,0.0002514833
155,0.0023908747,0.0019638199,0.0007440333,0.0002514833
156,0.002504629,0.0019627416,0.0007523125,0.000251339
157,0.0025046293,0.0019625571,0.0007523125,0.0002513124
158,0.0026781419,0.0019626624,0.0007713396,0.0002513265
159,0.0026781403,0.0019626611,0.0007713395,0.0002513263
160,0.0026781864,0.0019626517,0.0007713395,0.000251326
161,0.0027081659,0.0019991507,0.0007720864,0.0002536862
162,0.0027086981,0.0019992245,0.0007721692,0.0002536966
163,0.0027166835,0.0020065962,0.0007721761,0.0002537313
164,0.0027259111,0.0020130703,0.0007721512,0.0002536141
165,0.0027258823,0.002013071,0.0007721462,0.0002536141
166,0.0027258826,0.0020125487,0.0007721462,0.0002535396
167,0.0027380828,0.0020113004,0.0007721757,0.0002533667
168,0.0027381215,0.0020180073,0.000772176,0.0002533886
169,0.0027377688,0.0020250983,0.0007721709,0.0002534376
170,0.0027372928,0.0020328454,0.000772167,0.0002534943
171,0.0027372929,0.0020328462,0.000772167,0.0002534943
172,0.0027570675,0.0020428491,0.0007721867,0.00025349
173,0.0027658295,0.002042479,0.0007726314,0.0002534817
174,0.0027654899,0.0020504569,0.000772617,0.0002535429
175,0.0028163284,0.0020872023,0.0007734776,0.0002559218
176,0.0028591591,0.0021253454,0.0007744865,0.0002584694
177,0.0028591718,0.0021251085,0.0007744848,0.0002584613
178,0.0029780525,0.0021251087,0.0007831213,0.0002584613
179,0.0029780957,0.0021251094,0.0007831211,0.0002584613
180,0.0029863081,0.0021327582,0.0007831328,0.0002585113
181,0.0030244273,0.0021736668,0.0007839147,0.0002610818
182,0.0030479028,0.0021736696,0.0007841752,0.0002610818
183,0.0030479028,0.0021724801,0.0007841752,0.0002609286
184,0.0030479742,0.0021723644,0.0007841784,0.0002609354
185,0.0030480558,0.0021723183,0.0007841841,0.0002609293
186,0.0030353777,0.0021860777,0.0007841296,0.0002608648
187,0.0030354248,0.0021860922,0.0007841299,0.0002608651
188,0.0030278736,0.0021861171,0.0007841142,0.0002608657
189,0.0030279158,0.0021930044,0.0007841145,0.0002609077
190,0.0030353973,0.0022007543,0.0007841297,0.0002609576
191,0.0030435244,0.0022083732,0.0007841403,0.0002610045
192,0.0030435408,0.002208378,0.0007841411,0.0002610066
193,0.0030438351,0.0022080184,0.0007841423,0.0002609947
194,0.0032031887,0.0022463505,0.0007937827,0.000263473
195,0.0032034845,0.0022465985,0.0007938076,0.0002635067
196,0.0032038971,0.0022453838,0.00079381,0.0002633446
197,0.0032009866,0.0022438873,0.0007937454,0.0002631652
198,0.0032009867,0.002243888,0.0007937454,0.0002631652
199,0.0032021779,0.002243465,0.0007938813,0.0002631084
200,0.003202516,0.0022432154,0.0007938838,0.0002631043
201,0.0032411218,0.0022817237,0.0007946598,0.0002655881
202,0.003232879,0.0022794782,0.0007946506,0.0002654405
203,0.0032331492,0.0022914928,0.0007946497,0.0002658049
204,0.0033676512,0.0023271171,0.0008054042,0.0002678765
205,0.0033750386,0.0023417933,0.00080541,0.0002679567
206,0.0034140667,0.0023886171,0.0008061914,0.0002704916
207,0.0034141125,0.0023880953,0.0008061658,0.0002704223
208,0.0034521196,0.0024565157,0.0008068775,0.0002741452
209,0.0034521609,0.0024546137,0.0008068814,0.0002739298
210,0.0035597582,0.0024546144,0.0008135916,0.0002739298
211,0.0035686539,0.0024539514,0.0008140111,0.0002738483
212,0.0035782698,0.0025034794,0.0008148793,0.0002757813
213,0.0035782945,0.00250348,0.0008148803,0.0002757813
214,0.0036295092,0.002535861,0.0008156569,0.0002774011
215,0.003668166,0.0025710581,0.0008164149,0.0002793232
216,0.003668166,0.0025710587,0.0008164149,0.0002793232
217,0.0037065143,0.0026098392,0.0008171399,0.0002816559
218,0.0037064787,0.0026096168,0.0008171401,0.0002816519
219,0.003706479,0.0026175376,0.0008171401,0.0002816898
220,0.0036993219,0.0026161756,0.0008171317,0.0002815959
221,0.0036994152,0.0026162792,0.0008171349,0.0002816064
222,0.0036994892,0.0026155222,0.0008171232,0.0002815542
223,0.0036716921,0.0026217027,0.0008164882,0.0002814131
224,0.0036657637,0.0026213037,0.0008164786,0.0002814056
225,0.0036644292,0.002620036,0.00081642,0.0002812443
226,0.0037094683,0.0026638435,0.0008171037,0.0002832483
227,0.00373909,0.0027016248,0.0008178101,0.0002854011
228,0.0037323377,0.0027009747,0.0008178036,0.0002853589
229,0.003731962,0.0027087836,0.0008178016,0.0002853918
230,0.0037398924,0.0027090214,0.0008181421,0.0002854222
231,0.0037341458,0.0027090087,0.0008181334,0.0002854295
232,0.0037537323,0.0027230027,0.0008166931,0.0002860185
233,0.0037730642,0.002777837,0.0008145663,0.0002907947
234,0.003787603,0.0027776883,0.0008178179,0.0002907864
235,0.0037834064,0.002778145,0.0008178428,0.0002908398
236,0.0037834497,0.0027769178,0.0008178426,0.0002907242
237,0.0037838254,0.0027771281,0.000817884,0.0002907487
238,0.0037826292,0.0028129737,0.0008178335,0.0002925957
239,0.0037826364,0.0028129508,0.0008178323,0.0002925919
240,0.0038589366,0.0028459861,0.0008215029,0.0002941149
241,0.0038198607,0.0028458939,0.0008207531,0.0002941131
242,0.0038240875,0.0028535669,0.0008206388,0.00029412
243,0.0038262304,0.0028680675,0.0008206452,0.0002940802
244,0.0038182651,0.0028676452,0.0008206436,0.0002940714
245,0.0038182941,0.0028677128,0.0008206459,0.0002940794
246,0.0038220439,0.0029024084,0.0008206629,0.0002957792
247,0.0038330546,0.0029022574,0.0008206781,0.0002957647
248,0.0038355238,0.0029023782,0.0008206727,0.0002957841
249,0.0038372482,0.0029022301,0.0008206666,0.0002957826
250,0.0038426688,0.0029015382,0.0008214515,0.00029571
251,0.0038426688,0.0029016081,0.0008214515,0.0002957177
252,0.0038435126,0.0029014583,0.0008214572,0.000295733
253,0.0038656926,0.0029057976,0.0008215269,0.0002955026
254,0.0038588947,0.0029063176,0.0008206311,0.000295562
255,0.0038588139,0.0029055908,0.0008206272,0.0002954923
256,0.0038581465,0.0029045633,0.0008206013,0.0002953741
257,0.00390095,0.0029420966,0.0008215154,0.0002974162
258,0.0038922462,0.0029910914,0.0008211808,0.0002997373
259,0.0038973761,0.0029991492,0.0008211721,0.0002997651
260,0.0038974778,0.003006316,0.0008211802,0.0002997754
261,0.0038974391,0.003003722,0.0008211786,0.0002994302
262,0.0039045993,0.0030107204,0.0008211753,0.0002994396
263,0.0038999024,0.003048393,0.0008211937,0.0003014278
264,0.0039122634,0.0030483463,0.0008212278,0.0003014213
265,0.0039122635,0.0030483473,0.0008212278,0.0003014213
266,0.0039097551,0.0030384093,0.0008211244,0.0003003417
267,0.0039480033,0.0030748383,0.0008218331,0.0003021772
268,0.0042268893,0.0031068541,0.0008689673,0.0003035568
269,0.0041952806,0.0031056185,0.0008685296,0.0003034176
270,0.0041378849,0.0030970899,0.0008678054,0.0003019557
271,0.0041398591,0.0031466642,0.0008678823,0.0003040933
272,0.0041387087,0.0031388314,0.0008678374,0.0003032359
273,0.0041383622,0.0031383125,0.0008678216,0.0003031923
274,0.0041382881,0.0031380215,0.0008678157,0.0003031675
275,0.0041368986,0.0031371335,0.0008677918,0.0003031312
276,0.004199804,0.0032261313,0.0008697706,0.0003086616
277,0.0042379506,0.0032641928,0.0008704224,0.000310613
278,0.0042288774,0.0032638229,0.0008703694,0.0003105744
279,0.0042673002,0.0033003297,0.0008709822,0.0003123549
280,0.0042972332,0.0033360882,0.000871616,0.0003139964
281,0.0042948605,0.0033353779,0.0008716245,0.0003138916
282,0.0042857236,0.0033350581,0.0008716633,0.0003138876
283,0.0043117223,0.0033338825,0.0008749805,0.000313766
284,0.0043117876,0.0033339506,0.0008749834,0.0003137732
285,0.0043117876,0.0033337102,0.0008749834,0.0003137695
286,0.004312864,0.0033475101,0.0008751687,0.0003142671
287,0.0043128753,0.0033474934,0.0008751674,0.0003142638
288,0.0043112761,0.0033462564,0.0008750969,0.0003141663
289,0.0043112945,0.0033457189,0.000875097,0.0003141139
290,0.0043617525,0.0033774691,0.0008757522,0.0003153742
291,0.0043617701,0.0033761076,0.0008757522,0.0003152404
292,0.0043604869,0.0033857598,0.0008757723,0.0003159484
293,0.0043231962,0.0033850248,0.000875162,0.0003158711
294,0.0043233605,0.0033838014,0.0008751685,0.0003157496
295,0.0043233604,0.0033909183,0.0008751685,0.0003157531
296,0.0044721584,0.0033943931,0.0008847831,0.0003158167
297,0.0044723172,0.0034014049,0.0008847868,0.0003157615
298,0.0044690963,0.0034001249,0.0008847427,0.0003156191
299,0.0044681005,0.0034001197,0.0008847054,0.0003156142
300,0.0044848173,0.0033996781,0.0008861,0.000315565
301,0.00448457,0.0033983391,0.0008860906,0.0003154585
302,0.0044848131,0.0033979206,0.000886142,0.0003154108
303,0.0045277853,0.0034320943,0.0008869635,0.0003168909
304,0.0045275951,0.0034318358,0.0008869345,0.0003168873
305,0.0045373348,0.0034318667,0.0008873292,0.0003168877
306,0.0045373347,0.0034312961,0.0008873292,0.000316874
307,0.0045372626,0.0034311427,0.0008873266,0.000316872
308,0.0045373036,0.0034477435,0.0008873263,0.000319075
309,0.0045667585,0.0034855419,0.0008879452,0.0003208997
310,0.0045668252,0.0034855428,0.0008879452,0.0003208997
311,0.0045944793,0.0034772205,0.0008899776,0.0003198122
312,0.0045969458,0.0034769576,0.0008900201,0.0003198085
313,0.0045971353,0.0034769748,0.0008900249,0.0003198088
314,0.0046342675,0.0035234341,0.0008906074,0.0003226636
315,0.0046814269,0.0035309717,0.0008933613,0.0003226793
316,0.004680519,0.0035305936,0.000893351,0.0003226701
317,0.0046803051,0.0035302213,0.0008933402,0.0003226339
318,0.0047587844,0.0035296561,0.0008958741,0.0003225844
319,0.0048392514,0.0035659068,0.0008972523,0.0003242221
320,0.0048392542,0.0035659138,0.0008972523,0.0003242225
321,0.0048483049,0.003564906,0.000897757,0.0003241856
322,0.0048872467,0.0036038764,0.0008983906,0.0003260914
323,0.0048874379,0.0036036854,0.0008984056,0.0003260892
324,0.0048874212,0.0036100306,0.0008984049,0.0003260798
325,0.0048506737,0.0036089054,0.0008978507,0.0003259718
326,0.0048874724,0.0036552144,0.0008984057,0.000327641
327,0.0048863146,0.0036625818,0.0008983648,0.0003276416
328,0.0048735728,0.0036609804,0.0008969867,0.0003275066
329,0.0048736209,0.0036608714,0.0008969864,0.0003275
330,0.0048004235,0.0036600523,0.000892692,0.0003273837
331,0.0048003734,0.0036588733,0.0008926918,0.0003272917
332,0.0048037805,0.0036662484,0.0008921831,0.000327247
333,0.0048037407,0.003666273,0.0008921816,0.0003272494
334,0.0048035333,0.0036659604,0.0008921723,0.0003272202
335,0.0048034127,0.0036727473,0.0008921665,0.0003271259
336,0.0048141747,0.003670873,0.000892173,0.0003269237
337,0.0048651538,0.0037070183,0.000892772,0.0003285103
338,0.0050028669,0.0037138009,0.0009021537,0.0003284374
339,0.0049948516,0.0037139053,0.0009021627,0.0003284455
340,0.0049948528,0.0037513233,0.0009021628,0.0003301488
341,0.0049969174,0.0037471298,0.0009022401,0.0003297916
342,0.0053219539,0.0038188398,0.0009185152,0.0003328645
343,0.0053293268,0.0038257892,0.0009184582,0.0003328639
344,0.0053556525,0.003918314,0.0009190124,0.0003384019
345,0.0053544506,0.0039169737,0.0009188754,0.0003382897
346,0.0054340172,0.0039484229,0.0009218648,0.0003393739
347,0.0055357024,0.0039820678,0.0009273986,0.0003406423
348,0.0055358416,0.0039769056,0.0009274171,0.0003401518
349,0.0055444738,0.0039833827,0.0009277735,0.0003400705
350,0.0055519392,0.0039892756,0.0009277423,0.0003396989
351,0.005551369,0.0039915724,0.0009277454,0.0003396507
352,0.0055134324,0.003975262,0.0009271908,0.0003384226
353,0.0055133619,0.0039752778,0.0009271884,0.0003384228
354,0.0055127304,0.0039742108,0.0009271676,0.0003383349
355,0.0055070215,0.0039740387,0.0009271804,0.0003383321
356,0.0055070664,0.0039883605,0.0009271829,0.0003388046
357,0.0054934964,0.0039883006,0.0009254285,0.0003388043
358,0.0054937716,0.0039870158,0.0009254379,0.0003387096
359,0.0054750857,0.0039870512,0.0009225473,0.00033871
360,0.0055299178,0.004036594,0.0009233242,0.0003412981
361,0.0055869789,0.0040354941,0.0009262802,0.0003412101
362,0.0055863799,0.0041088882,0.0009262549,0.0003442677
363,0.0056252099,0.0041699193,0.0009268003,0.0003478935
364,0.0056252099,0.0041837372,0.0009268003,0.0003493831
365,0.0056240036,0.0041791508,0.0009268068,0.0003489837
366,0.0056456679,0.0041870739,0.0009271733,0.0003489785
367,0.0052987452,0.0041935996,0.000688274,0.0003489619
368,0.0053050756,0.0041935802,0.0006881751,0.0003489615
369,0.0053049463,0.0041931523,0.0006881709,0.0003489422
370,0.0053041424,0.0041911807,0.0006880803,0.0003488703
371,0.0052894275,0.0041912281,0.0006880381,0.0003488748
372,0.0053452609,0.0042257218,0.000688875,0.0003501602
373,0.0054226904,0.0042575257,0.0006927177,0.0003512437
374,0.0054612002,0.0042876859,0.0006934835,0.0003521741
375,0.0054614335,0.0042877987,0.0006935038,0.0003521938
376,0.005460084,0.0042854082,0.0006933019,0.0003519747
377,0.0055360117,0.0043222574,0.0006975039,0.0003534712
378,0.0055383777,0.0043210985,0.0006974889,0.0003530767
379,0.0055965086,0.0043208643,0.0007126672,0.0003530746
380,0.0056374413,0.0043593251,0.0007133863,0.0003546907
381,0.0057530644,0.0043576801,0.0007215187,0.0003546749
382,0.0058687139,0.0043612272,0.0007298703,0.0003547349
383,0.0065638106,0.0043604737,0.0010041476,0.0003546686
384,0.0065708713,0.0043603601,0.0010041264,0.0003546528
385,0.0065779231,0.0043603949,0.0010052939,0.0003546554
386,0.0065736732,0.0043673343,0.0010056033,0.0003545483
387,0.0065780095,0.0043621565,0.001005765,0.0003541295
388,0.0066113134,0.0043996378,0.0010059388,0.0003556503
389,0.0067150748,0.0043986313,0.0010106676,0.0003555771
390,0.0067150999,0.0043987498,0.001010675,0.000355585
391,0.0067541498,0.0044406207,0.0010111695,0.0003567946
392,0.0068027189,0.0045378229,0.001011658,0.000361444
393,0.0068337155,0.004537783,0.0010119226,0.0003614433
394,0.0068337155,0.0045356129,0.0010119226,0.0003612574
395,0.006871873,0.0045680515,0.0010123847,0.0003623178
396,0.0068775942,0.004574836,0.0010123622,0.0003622718
397,0.0069444436,0.0045749216,0.0010169986,0.0003622764
398,0.0069759801,0.004574965,0.0010171501,0.0003622806
399,0.006975878,0.0045736046,0.001017145,0.000362139
400,0.0070172705,0.0045725447,0.0010315546,0.0003620409
401,0.0070295132,0.0045715932,0.0010315373,0.0003619607
402,0.0079343867,0.004570702,0.0013674529,0.0003619207
403,0.0079776529,0.0046073517,0.0013678877,0.0003633192
404,0.007989219,0.0046062043,0.001368099,0.0003632383
405,0.0079638026,0.0046426693,0.0013679981,0.0003646034
406,0.0080084601,0.0046570433,0.0013667928,0.0003650203
407,0.0080107241,0.0046548082,0.0013666777,0.0003648342
408,0.0080110491,0.0046535697,0.0013667175,0.0003647584
409,0.0080095178,0.0047035575,0.0013666945,0.0003675981
410,0.0080093201,0.0047026047,0.0013666946,0.0003675265
411,0.0080188501,0.0047227453,0.0013667357,0.0003678357
412,0.0079923927,0.004749214,0.0013666324,0.000368038
413,0.0080265645,0.0047844747,0.0013668532,0.0003692991
414,0.0080246081,0.0047835245,0.0013666741,0.0003692648
415,0.0080368701,0.0047838393,0.0013666011,0.0003692972
416,0.0080361605,0.0047839468,0.0013665957,0.0003693065
417,0.0080377122,0.0048209918,0.0013666,0.0003707012
418,0.0080684157,0.0048182735,0.0013667609,0.0003705055
419,0.0080648002,0.0048129148,0.0013666906,0.0003700507
420,0.0080647719,0.0048124059,0.0013666897,0.0003700274
421,0.0080835616,0.004819065,0.0013666531,0.0003699944
422,0.0080835127,0.0048550449,0.001366653,0.0003712878
423,0.0080841591,0.0048550892,0.0013666894,0.0003712889
424,0.0080824356,0.0048519894,0.001366667,0.0003710431
425,0.0081203827,0.0049029726,0.001366971,0.0003739676
426,0.0081205613,0.0048974014,0.0013669708,0.0003735115
427,0.0081234953,0.0048963542,0.0013669173,0.0003734447
428,0.008150857,0.0049112536,0.0013670236,0.0003751694
429,0.0082691346,0.0049188007,0.0013714109,0.0003751513
430,0.0082668089,0.0049186015,0.0013713973,0.0003751273
431,0.0082801553,0.0049473171,0.001371329,0.0003750218
432,0.0083179107,0.0049822597,0.0013716287,0.0003762131
433,0.0083393504,0.0049815693,0.0013716114,0.0003761837
434,0.0083146665,0.0049621736,0.0013712877,0.0003749841
435,0.0083140364,0.0049605306,0.0013712731,0.0003748057
436,0.0083212457,0.0049605309,0.0013685443,0.0003748056
437,0.0083061631,0.0049588028,0.0013672743,0.0003746042
438,0.008335502,0.0049589484,0.0013702984,0.000374629
439,0.0083309995,0.0049442002,0.0013699406,0.0003738242
440,0.0083295615,0.0049485732,0.0013699134,0.0003735686
441,0.0083294169,0.0049514766,0.0013699084,0.0003735653
442,0.0083280147,0.0049513214,0.0013698965,0.0003735607
443,0.0082900277,0.0049581464,0.001369577,0.0003734733
444,0.0083005644,0.0049565773,0.0013695694,0.0003733449
445,0.008308266,0.0049622998,0.0013695247,0.0003732151
446,0.0083082653,0.004961965,0.0013695238,0.000373191
447,0.0083303774,0.0049993698,0.0013699087,0.0003745654
448,0.0083306577,0.0050056866,0.0013699146,0.0003744602
449,0.0083207267,0.0050039682,0.0013699034,0.0003743442
450,0.0083220506,0.0050034483,0.001370029,0.0003743517
451,0.0083640512,0.0050356019,0.0013704171,0.0003752907
452,0.0084024572,0.0050717711,0.0013707238,0.0003765373
453,0.0089265656,0.0051054702,0.001512338,0.0003776038
454,0.0088970795,0.0051425732,0.0015122718,0.00037895
455,0.0088972718,0.005141233,0.0015122715,0.000378856
456,0.0089791521,0.0051527551,0.0015169834,0.0003793346
457,0.009026752,0.0051523513,0.0015183927,0.0003793106
458,0.0090656532,0.0052003257,0.001518872,0.000380689
459,0.0090333677,0.0051994123,0.0015185418,0.000380603
460,0.0090702481,0.0052326764,0.0015187763,0.0003815961
461,0.0090797829,0.0052362558,0.0015191123,0.0003813355
462,0.0090712804,0.0052359225,0.0015190854,0.0003813054
463,0.0091047703,0.0052345957,0.0015193031,0.0003812218
464,0.00928048,0.0052315704,0.0015283816,0.0003810523
465,0.0092803004,0.0052305514,0.0015283798,0.000380976
466,0.0092792628,0.0052278755,0.0015283618,0.0003807234
467,0.0092792497,0.0052263865,0.0015283616,0.0003806146
468,0.0091983148,0.0052262918,0.0015245911,0.0003803846
469,0.0091983183,0.0052251985,0.0015245911,0.0003803051
470,0.0091984868,0.0052589021,0.0015245883,0.0003813555
471,0.0092247687,0.0052916962,0.0015250255,0.0003823109
472,0.0092242144,0.0052897308,0.0015250164,0.0003821845
473,0.0092310232,0.0052880293,0.0015249888,0.0003820661
474,0.0092307165,0.0052880238,0.0015249681,0.0003820718
475,0.0092337406,0.0052937752,0.0015249671,0.000381895
476,0.0092804297,0.0053400188,0.0015254062,0.0003831407
477,0.0092772386,0.0053393976,0.0015254097,0.0003830988
478,0.0093516899,0.0054104411,0.0015258638,0.0003853927
479,0.0093516926,0.0054232823,0.0015258593,0.0003853245
480,0.009398519,0.0054545588,0.0015261443,0.0003861816
481,0.009440627,0.0055585571,0.0015263514,0.0003913199
482,0.0094838372,0.0056115379,0.0015267113,0.0003941754
483,0.0094707066,0.0056156467,0.001526727,0.0003939309
484,0.0094724151,0.0056157782,0.0015267203,0.0003939409
485,0.0095166312,0.0056474084,0.0015266153,0.0003947493
486,0.0095657022,0.0056474716,0.0015270444,0.0003947625
487,0.0095659534,0.0056470832,0.0015270402,0.0003947382
488,0.0095096521,0.0056842439,0.0015257746,0.0003959696
489,0.0095185525,0.0056839855,0.0015259594,0.0003959667
490,0.0095263971,0.0056898927,0.0015262792,0.000395931
491,0.0095245535,0.0056878111,0.0015262378,0.000395775
492,0.0096197094,0.0057222572,0.0015308348,0.0003967751
493,0.0096205009,0.0057226553,0.0015308356,0.0003968066
494,0.0097904736,0.0057224372,0.0015398138,0.0003967947
495,0.0097901876,0.0057226524,0.0015398168,0.0003968118
496,0.009795511,0.0057589147,0.0015397423,0.0003979736
497,0.0098256887,0.0057589691,0.0015390989,0.0003979753
498,0.0098844328,0.0057944725,0.0015395989,0.0003990585
499,0.0098830591,0.0058310963,0.0015394986,0.0004002092
500,0.0098841644,0.0058297295,0.0015395154,0.000400091
501,0.0098052211,0.0058374883,0.0015330151,0.0004000629
502,0.0098148347,0.0058374419,0.0015329864,0.000400076
503,0.009804662,0.0058407929,0.0015330348,0.0004001042
504,0.0099466887,0.0058372575,0.001537842,0.0003999107
505,0.0099829335,0.0058297624,0.0015390093,0.0003991316
506,0.0099827419,0.0058429096,0.0015390059,0.0003989437
507,0.0099908377,0.0058423764,0.0015389903,0.0003989692
508,0.0100266824,0.0058379167,0.0015401561,0.0003986187
509,0.0100594323,0.0058381207,0.0015409508,0.0003986731
510,0.0100455994,0.0058381206,0.0015410643,0.000398677
511,0.0100066032,0.0058379939,0.0015396044,0.0003986863
512,0.0100131944,0.0058439346,0.0015396696,0.0003985615
513,0.0100117511,0.0058412127,0.0015396318,0.0003983605
514,0.0100329172,0.0058472746,0.0015402367,0.0003982235
515,0.0100246342,0.0058474222,0.0015402143,0.0003982454
516,0.0100247314,0.0058504345,0.0015402166,0.0003982697
517,0.009997301,0.0058576988,0.0015376101,0.0003981729
518,0.0099707168,0.0058566002,0.0015376919,0.0003980976
519,0.0099707494,0.005855524,0.0015376918,0.0003980125
520,0.009968756,0.005855215,0.0015377117,0.0003979957
521,0.0099687831,0.0058513663,0.0015377122,0.0003976921
522,0.0099655195,0.0058212545,0.0015372358,0.000396096
523,0.0100266298,0.0058203656,0.0015388218,0.0003960506
524,0.0100266005,0.005836877,0.0015388205,0.000397721
525,0.0100326973,0.0058370981,0.0015389531,0.0003977354
526,0.0100613225,0.0058356031,0.0015393882,0.0003975836
527,0.010066591,0.0058345063,0.0015441634,0.0003975097
528,0.0100834422,0.005834444,0.0015452329,0.0003975073
529,0.0100966124,0.0058330858,0.001545185,0.0003974224
530,0.0100966739,0.0058405731,0.0015451851,0.0003971138
531,0.0100885598,0.0058832572,0.0015450712,0.0003981205
532,0.010115418,0.0059198676,0.0015452215,0.000399286
533,0.0101175764,0.0059251498,0.0015452239,0.0003991854
534,0.0101475318,0.0059237841,0.0015452603,0.0003990825
535,0.010192417,0.0059436876,0.0015452392,0.0003992573
536,0.0103498641,0.0060526374,0.0015464566,0.0004020293
537,0.0109661263,0.0060520631,0.0016757285,0.0004020293
538,0.0109858034,0.0060516985,0.0016760463,0.0004019755
539,0.0110355001,0.0060878209,0.0016761781,0.0004030611
540,0.0110566075,0.0060869031,0.001676672,0.0004029909
541,0.0110566163,0.0061166746,0.001676672,0.0004036576
542,0.0110651088,0.0061350513,0.0016766375,0.0004035484
543,0.0110505876,0.0061350111,0.0016763997,0.0004035482
544,0.0110511202,0.0061348748,0.0016763994,0.0004035525
545,0.011056575,0.0061777393,0.0016764958,0.0004044892
546,0.0110757207,0.0061723312,0.0016764335,0.0004041391
547,0.0110765326,0.0061718436,0.0016764284,0.0004041238
548,0.0110765437,0.0061694775,0.0016764286,0.0004039719
549,0.0111778814,0.0061679348,0.0016786813,0.0004038823
550,0.0111779524,0.0061679917,0.0016786815,0.0004038866
551,0.0111868159,0.0061641639,0.0016786913,0.0004036528
552,0.0112623595,0.0062308843,0.0016792288,0.000406629
553,0.0119577994,0.0062246006,0.0018121729,0.0004062699
554,0.012005377,0.0062245126,0.0018126686,0.0004062829
555,0.0120077573,0.006224352,0.0018126581,0.0004062879
556,0.0125255227,0.0062145525,0.0018842982,0.0004057638
557,0.0125109266,0.00621984,0.0018841405,0.0004056438
558,0.01250946,0.0062198398,0.0018841306,0.0004056435
559,0.012509011,0.0062189031,0.0018841281,0.0004055288
560,0.0125379767,0.0062178812,0.0018859136,0.0004054649
561,0.0125393184,0.0062174717,0.0018860343,0.0004054267
562,0.0119001744,0.0062238909,0.0017579108,0.0004053831
563,0.0119108068,0.0062312503,0.0017578758,0.0004053375
564,0.0119322909,0.0062364423,0.0017578203,0.0004051873
565,0.0119727142,0.0062350912,0.0017587303,0.0004050926
566,0.0120108548,0.0062707687,0.0017588835,0.0004061376
567,0.012023317,0.0062698394,0.0017593605,0.0004060955
568,0.0120227339,0.0062686914,0.0017593186,0.0004060325
569,0.0120232051,0.0062686229,0.0017593365,0.0004060383
570,0.0120073357,0.0062715768,0.0017593741,0.000405773
571,0.0120071745,0.0062712305,0.0017593743,0.0004057658
572,0.0120701978,0.0062725829,0.0017614673,0.0004057393
573,0.0129670023,0.0062767837,0.0019747573,0.0004055163
574,0.0129973117,0.0062973184,0.0019748722,0.0004072201
575,0.0130097696,0.0062974822,0.0019748223,0.0004072307
576,0.0129112344,0.006296209,0.0019675751,0.0004071246
577,0.0129455006,0.0063295973,0.0019676802,0.0004080538
578,0.01299506,0.0063741516,0.0019677624,0.0004088977
579,0.0130243882,0.0063733746,0.0019680556,0.0004088298
580,0.0129923065,0.0063799569,0.0019678687,0.0004087927
581,0.0129735814,0.0063878737,0.0019675638,0.0004087697
582,0.0129545531,0.00637173,0.0019678098,0.0004078914
583,0.0130498838,0.0063915898,0.0019698813,0.0004077166
584,0.0138384966,0.0063904476,0.0020850804,0.0004077142
585,0.0134835636,0.0064257862,0.0019867509,0.0004087062
586,0.0135456264,0.0064240351,0.0019873504,0.0004085894
587,0.0135355329,0.0064159172,0.0019873805,0.0004079693
588,0.013744641,0.0064160117,0.0019984527,0.0004079802
589,0.0137471217,0.0064225385,0.0019982021,0.0004078546
590,0.0137394515,0.0064550749,0.0019982284,0.0004086558
591,0.013739694,0.0064547984,0.0019982313,0.0004086246
592,0.0137569738,0.0064532375,0.0019981562,0.0004084684
593,0.0137598077,0.0064516993,0.0019981545,0.0004084206
594,0.0137612525,0.0064500675,0.0019981469,0.0004083811
595,0.0137576798,0.0064569399,0.0019981512,0.0004083395
596,0.0137577578,0.0064565577,0.0019981511,0.0004083444
597,0.0137581365,0.0064562734,0.001998152,0.000408338
598,0.0137562965,0.0064843115,0.0019981072,0.0004088462
599,0.0137980077,0.0064757589,0.0019980706,0.0004082629
600,0.0138383879,0.0065107654,0.0019981523,0.000409219
601,0.0138642934,0.0064835585,0.0019978697,0.0004079884
602,0.0138420425,0.0064825493,0.0019975256,0.0004079694
603,0.0138718615,0.0064820103,0.0019981015,0.0004079501
604,0.0138814058,0.0065142879,0.0019980646,0.0004087215
605,0.0139087356,0.0065134136,0.0019979791,0.0004086609
606,0.0139095291,0.006513079,0.0019979236,0.0004086439
607,0.0139113355,0.0065462319,0.0019979736,0.0004094566
608,0.013911279,0.0065461852,0.0019979733,0.0004094536
609,0.0139349458,0.0065596682,0.0019978552,0.0004105617
610,0.0139555765,0.0065576903,0.0019978154,0.00041035
611,0.0139515645,0.0065639195,0.0019978376,0.0004102942
612,0.0139362301,0.0065637935,0.0019970103,0.0004102943
613,0.0139839946,0.0065695631,0.0019980908,0.000410169
614,0.0139819301,0.0065745655,0.0019980994,0.0004100802
615,0.0139820223,0.0065745661,0.0019981087,0.0004100802
616,0.0140560135,0.0066251608,0.0019982982,0.00041257
617,0.0141318276,0.0066243695,0.0019992021,0.0004125559
618,0.0141835598,0.0066236906,0.0019994509,0.0004125388
619,0.0142365285,0.0066713488,0.0019996682,0.0004145118
620,0.0143228358,0.0067219987,0.0020009086,0.0004167778
621,0.0143678077,0.0067315342,0.0020008523,0.0004167969
622,0.0143837225,0.0067296391,0.002003016,0.0004166885
623,0.0152369422,0.0067278006,0.0021640864,0.0004165709
624,0.0152905664,0.0067237685,0.0021652217,0.0004162588
625,0.0152896399,0.0067219898,0.0021652244,0.0004162051
626,0.0152955187,0.0067212477,0.0021652324,0.0004162094
627,0.0153086524,0.006719914,0.0021655106,0.0004160801
628,0.0153160876,0.0067190486,0.0021654719,0.0004160892
629,0.0152872621,0.0067026158,0.0021653626,0.0004151578
630,0.0152714626,0.0067369059,0.0021653376,0.0004160204
631,0.0152752711,0.006743209,0.0021653138,0.0004159657
632,0.0156275954,0.006742952,0.0021888795,0.0004159738
633,0.0156238309,0.0067430103,0.0021889187,0.0004159811
634,0.0156314141,0.0067536555,0.002188859,0.0004173231
635,0.0157653554,0.0068232613,0.0021899809,0.0004191163
636,0.0157968128,0.0068214697,0.0021900992,0.0004190039
637,0.0157964633,0.0068194118,0.0021900798,0.0004188399
638,0.0158332985,0.0068192607,0.0021908012,0.0004188438
639,0.0159396106,0.0068557786,0.0021909851,0.0004198588
640,0.0159288335,0.0068703275,0.002191022,0.0004196089
641,0.0159800075,0.0069024766,0.0021914089,0.0004203269
642,0.0159794788,0.0069341541,0.0021913985,0.0004209861
643,0.0161037419,0.0069702903,0.0021926964,0.0004219406
644,0.0160960541,0.0069625196,0.0021926766,0.0004214693
645,0.0160942296,0.0069595771,0.0021926512,0.0004213365
646,0.0160949327,0.0069589203,0.0021926613,0.0004212914
647,0.0160939418,0.0069585132,0.0021927859,0.0004212762
648,0.0160953017,0.0069588305,0.002192832,0.0004212957
649,0.0161064506,0.0069575346,0.0021927681,0.0004212409
650,0.0161607296,0.0069943162,0.0021928578,0.000422245
651,0.0161606925,0.006994026,0.0021928588,0.0004222507
652,0.0161553668,0.0070041336,0.0021924899,0.0004223204
653,0.0163097499,0.0070207217,0.0021995032,0.0004238882
654,0.0163351085,0.0070256628,0.0021993816,0.0004236603
655,0.0163326806,0.007023518,0.0021993774,0.0004235372
656,0.0163301147,0.0070221374,0.0021994538,0.0004234146
657,0.0164120653,0.0070224088,0.0022003237,0.0004234324
658,0.0165071572,0.0070222816,0.0022006907,0.0004234298
659,0.0165098169,0.0070201222,0.0022008115,0.0004232629
660,0.0165090716,0.0070228368,0.0022007817,0.0004232613
661,0.016554651,0.007058846,0.0022002921,0.0004241851
662,0.0165907667,0.0071259887,0.0021998095,0.0004257551
663,0.0166151473,0.007125678,0.0021997604,0.0004257477
664,0.0166612331,0.0071577175,0.0021998943,0.0004264203
665,0.0166550156,0.0071612659,0.0022000097,0.0004264732
666,0.0166685055,0.0071691101,0.0021999571,0.0004267541
667,0.0167056005,0.0072437051,0.0021999879,0.000428752
668,0.0167569532,0.0072498642,0.0022009975,0.0004286825
669,0.016753525,0.0072641863,0.0022010378,0.0004285588
670,0.0166968046,0.0072625848,0.0022007328,0.0004285112
671,0.0167556944,0.0072606946,0.002201777,0.0004283917
672,0.0167902942,0.0072930171,0.0022018111,0.0004290976
673,0.0167361561,0.0072922125,0.002183221,0.0004290433
674,0.0167441634,0.0072919222,0.0021832319,0.000428996
675,0.0167407495,0.0072889996,0.0021832114,0.0004288341
676,0.0167329309,0.0072922052,0.0021835983,0.0004288457
677,0.0167351997,0.0072921392,0.0021835918,0.0004288591
678,0.0167660023,0.0072915352,0.0021836082,0.000428831
679,0.0168459652,0.0073659922,0.0021837807,0.0004310381
680,0.0168241302,0.0073659036,0.002183783,0.0004310354
681,0.0168900263,0.0073918924,0.0021842545,0.0004313399
682,0.0168814219,0.0073897161,0.0021842402,0.0004311605
683,0.0168361903,0.0073872245,0.0021831493,0.0004310327
684,0.0167927517,0.0073871891,0.002183461,0.0004310434
685,0.016287303,0.0073720433,0.0020333086,0.0004303418
686,0.0162865335,0.0073722462,0.0020332976,0.0004303557
687,0.0162886112,0.0073719724,0.0020334065,0.0004303526
688,0.0163311211,0.0073672996,0.00203326,0.00043013
689,0.016379109,0.0073965725,0.0020331893,0.0004302254
690,0.0163791088,0.00739555,0.0020331884,0.0004302181
691,0.0163651506,0.0073895859,0.0020330472,0.0004297323
692,0.0163642178,0.0073895911,0.0020332787,0.0004297402
693,0.0164573691,0.007371611,0.0020375256,0.0004287985
694,0.0164684498,0.0073687403,0.0020374661,0.0004286348
695,0.0167718177,0.0073679958,0.0020485872,0.0004286263
696,0.016757703,0.0073659811,0.0020487829,0.0004284248
697,0.0167863673,0.0073807058,0.0020486774,0.0004295684
698,0.0168150527,0.0073722761,0.0020486339,0.0004290845
699,0.0167612767,0.0073699898,0.0020486142,0.0004290028
700,0.0168785702,0.0074057776,0.0020505745,0.0004293611
701,0.016916375,0.0074053081,0.002050519,0.0004293162
702,0.0171337629,0.0074042819,0.0020615426,0.0004292601
703,0.0171496349,0.0074078723,0.0020613688,0.0004289959
704,0.017219235,0.0074438885,0.0020665973,0.000429885
705,0.0172024952,0.0074440193,0.0020659274,0.0004298911
706,0.0177613118,0.007458088,0.0021357242,0.0004309314
707,0.017832751,0.0074574831,0.0021368153,0.0004309032
708,0.0178327369,0.0074571425,0.0021368156,0.000430902
709,0.0178275119,0.0074534641,0.0021366565,0.0004306319
710,0.0178291296,0.0074531279,0.0021366965,0.0004306198
711,0.0178337139,0.0074651505,0.0021367771,0.0004313264
712,0.0178275339,0.0074559591,0.0021365896,0.0004304737
713,0.0178042703,0.0074550416,0.0021358286,0.0004304383
714,0.0177900383,0.0074534377,0.0021349097,0.0004303409
715,0.0177885249,0.0074529893,0.0021348992,0.0004303217
716,0.0178237762,0.0074508954,0.0021356608,0.0004301895
717,0.017824821,0.0074513223,0.0021356744,0.0004302183
718,0.0178156529,0.0074504701,0.0021350986,0.0004301751
719,0.017842671,0.0074464516,0.0021349572,0.0004298724
720,0.0178418479,0.0074451921,0.0021349638,0.0004298002
721,0.0178786646,0.0074846859,0.0021349738,0.0004295891
722,0.0179311624,0.0074837615,0.0021359703,0.0004295223
723,0.0179428,0.0074829298,0.0021369348,0.0004294907
724,0.0179080563,0.0074805364,0.0021369464,0.0004293287
725,0.0179037169,0.0074804552,0.0021369947,0.0004293378
726,0.0181781574,0.0074800144,0.0021551031,0.000429313
727,0.0181989581,0.0074782405,0.0021554597,0.0004292267
728,0.0182213681,0.0074775455,0.0021615307,0.0004292026
729,0.0182780976,0.0075112352,0.0021626142,0.0004299449
730,0.0187790368,0.0075099399,0.0022584077,0.0004299014
731,0.018814897,0.007546783,0.0022583034,0.0004303702
732,0.0188149744,0.0075467979,0.0022583073,0.0004303833
733,0.0188150353,0.007548922,0.0022583078,0.0004301748
734,0.0188057625,0.0075464662,0.0022583733,0.000430012
735,0.0188896167,0.0075572824,0.0022592244,0.0004300952
736,0.0188925596,0.0075544787,0.0022592104,0.000429849
737,0.0188779042,0.0075544886,0.0022591201,0.0004298484
738,0.0191478852,0.0075533658,0.0022623728,0.0004297876
739,0.0191792489,0.0075567032,0.0022638393,0.0004294212
740,0.0194255488,0.0075944511,0.0022720051,0.0004297558
741,0.0194421856,0.0075942635,0.002272497,0.0004297565
742,0.0195455758,0.0076230458,0.002266193,0.0004302222
743,0.0195055694,0.0076167662,0.0022648882,0.0004296294
744,0.0194471963,0.0075975451,0.0022637845,0.0004283943
745,0.019431355,0.0075937842,0.0022638517,0.000428142
746,0.0193908689,0.0076436308,0.0022632734,0.0004302546
747,0.0194037933,0.0076433619,0.0022632043,0.0004302335
748,0.0194020584,0.007642566,0.0022632196,0.0004302155
749,0.0194088046,0.0076426474,0.0022635535,0.0004302211
750,0.0194847893,0.0076401901,0.0022649534,0.0004300519
751,0.0195304516,0.0076358798,0.0022679338,0.0004298304
752,0.0195720532,0.0076340145,0.0022680056,0.0004297629
753,0.0195721781,0.0076341682,0.0022679917,0.0004297873
754,0.0191007658,0.0076322795,0.0021816111,0.0004297042
755,0.0191141175,0.0076304873,0.0021815247,0.0004296365
756,0.0191181033,0.0076254008,0.0021816411,0.0004285627
757,0.0191681495,0.0076568489,0.0021817607,0.0004291687
758,0.0191052836,0.0076725405,0.0021813173,0.0004289602
759,0.0190811664,0.0076852045,0.0021812669,0.0004286582
760,0.0190951934,0.0076843919,0.0021811894,0.0004286179
761,0.0191524324,0.0076803808,0.0021824653,0.0004283324
762,0.0200792622,0.0076790883,0.0023652725,0.0004283057
763,0.0202293643,0.0076789882,0.0023732413,0.0004283114
764,0.0202397669,0.0076782837,0.0023736828,0.0004283263
765,0.0202710034,0.0076781097,0.0023739607,0.0004283301
766,0.0203219662,0.0076749,0.0023748904,0.000428062
767,0.0203724459,0.0076747686,0.0023763971,0.0004280594
768,0.0197143823,0.007681889,0.0022892166,0.0004279932
769,0.0197134834,0.0076808032,0.0022891341,0.000427924
770,0.0206208837,0.0076786369,0.0024635665,0.0004277915
771,0.0208086278,0.0076764195,0.0024695905,0.0004276323
772,0.0208839083,0.0077105367,0.0024705284,0.0004283911
773,0.0209061855,0.0077236211,0.0024704483,0.0004285865
774,0.0209227315,0.0077293096,0.0024703905,0.0004284485
775,0.0209511328,0.0077619635,0.002470355,0.0004291084
776,0.0209618683,0.0078281024,0.0024703142,0.0004303061
777,0.0209818194,0.0078332641,0.0024746859,0.0004301313
778,0.0210032338,0.0078331798,0.0024745915,0.0004301359
779,0.0209950138,0.0078274715,0.002474521,0.0004297007
780,0.020961015,0.0078122626,0.0024745217,0.0004290173
781,0.0210204794,0.0078173703,0.0024749675,0.0004289457
782,0.0210207547,0.0078173121,0.0024749658,0.0004289473
783,0.0210173767,0.0078170636,0.0024748608,0.0004289484
784,0.0208739029,0.0078295464,0.0024686725,0.0004291443
785,0.020939776,0.0078292334,0.0024687657,0.0004291288
786,0.0209397952,0.0078354423,0.0024687657,0.0004290633
787,0.0210563386,0.007835291,0.002470333,0.0004290608
788,0.0210526675,0.0078341962,0.0024703125,0.0004290182
789,0.0210544918,0.007833481,0.0024702944,0.0004289864
790,0.0210538989,0.0078302614,0.0024702985,0.0004288188
791,0.0210530718,0.00782786,0.0024703366,0.0004287057
792,0.0211071277,0.0078601118,0.0024681768,0.0004293399
793,0.0211085539,0.0078581901,0.0024681442,0.0004292435
794,0.0211349149,0.0078444988,0.0024680403,0.0004287653
795,0.0211447764,0.0078435023,0.0024679728,0.0004287005
796,0.0217342436,0.0078435287,0.0025305502,0.0004287032
797,0.0217496724,0.007845973,0.0025304989,0.0004287034
798,0.0218071187,0.0078791936,0.0025320619,0.000429387
799,0.0217871552,0.0078777568,0.0025321678,0.0004292869
800,0.0217854516,0.0078770973,0.0025321198,0.0004292609
801,0.0220165276,0.0078753401,0.0025381925,0.0004291091
802,0.0221156672,0.0078726656,0.0025425085,0.0004289705
803,0.0220062503,0.0079166982,0.0025368416,0.0004304449
804,0.0220023145,0.0079052501,0.0025367135,0.0004294504
805,0.021996451,0.0079161724,0.0025367527,0.0004293929
806,0.0219574754,0.0079125446,0.0025367861,0.0004292219
807,0.0219575266,0.0079148156,0.0025367883,0.00042892
808,0.0219670582,0.0079112251,0.0025367933,0.0004286937
809,0.0220737493,0.0079396592,0.0025377903,0.0004291267
810,0.0221361756,0.0079388221,0.002539372,0.0004291105
811,0.0220811177,0.0079345909,0.0025325324,0.0004287646
812,0.0220989992,0.0079330699,0.0025324306,0.0004287165
813,0.0221804459,0.0079308489,0.0025378731,0.0004285562
814,0.0221662896,0.0079297473,0.0025376264,0.0004285278
815,0.0221809679,0.0079285605,0.002537543,0.0004284729
816,0.0220541658,0.0079613431,0.0025076109,0.0004291555
817,0.0220900895,0.0079584903,0.0025074683,0.0004289987
818,0.0221201792,0.0079581371,0.0025090382,0.0004289887
819,0.0221107264,0.0079573095,0.0025095542,0.000428959
820,0.0220861318,0.0079371142,0.0025096059,0.0004279962
821,0.02211721,0.0079361717,0.0025095961,0.0004279434
822,0.0221172633,0.0079342034,0.0025095966,0.0004278564
823,0.022855767,0.0079988,0.0026069313,0.0004310746
824,0.0237054272,0.0080041694,0.0027519919,0.000430952
825,0.0237638631,0.0080037386,0.00275355,0.0004309268
826,0.023768996,0.0080034457,0.0027534231,0.0004309467
827,0.0238155625,0.0080349882,0.0027534161,0.0004314846
828,0.0238158535,0.0080351163,0.0027534353,0.0004314953
829,0.0238160009,0.0080340682,0.0027534381,0.0004314509
830,0.0238789244,0.0080402444,0.0027585711,0.0004316406
831,0.0239592047,0.0080722142,0.0027572978,0.0004322407
832,0.0239576433,0.0080702713,0.0027573031,0.000432161
833,0.0239845544,0.0080501353,0.0027571928,0.0004308546
834,0.024000178,0.0080830642,0.0027580549,0.0004315156
835,0.0240010271,0.0081121011,0.0027577942,0.0004319655
836,0.0240888846,0.0081744095,0.0027588145,0.0004329913
837,0.0246630226,0.0081740766,0.0027775618,0.0004329934
838,0.0246960739,0.0081716064,0.0027774292,0.0004328116
839,0.0248960916,0.0081704978,0.0027869067,0.0004327103
840,0.0249302066,0.0081692367,0.0027872702,0.0004327092
841,0.0252027009,0.0082125932,0.0028048532,0.0004334859
842,0.0252574198,0.0082112193,0.0028071565,0.0004334073
843,0.0251057617,0.0082229343,0.0027632944,0.0004335359
844,0.0251735364,0.0082228785,0.0027639292,0.0004335474
845,0.0251543841,0.0082155602,0.0027634584,0.0004329052
846,0.0251841335,0.0082155027,0.0027633923,0.0004329212
847,0.0252827962,0.008214278,0.0027647938,0.0004328404
848,0.0253936739,0.008248314,0.0027660599,0.0004335517
849,0.0253990313,0.0082491867,0.0027660219,0.0004333912
850,0.0253799136,0.0082476368,0.0027660609,0.0004332686
851,0.0254190984,0.0082472622,0.0027659695,0.0004332527
852,0.0254366357,0.0082515975,0.0027659095,0.0004331206
853,0.0254971376,0.0082852843,0.0027660706,0.000433745
854,0.025522943,0.0083086082,0.0027658901,0.0004338084
855,0.0256547836,0.0083378725,0.0027661031,0.0004342241
856,0.02558644,0.0083376451,0.0027650363,0.0004342231
857,0.0256029118,0.0083452845,0.0027650059,0.0004341674
858,0.0256705539,0.008378548,0.0027646782,0.0004348005
859,0.0261823569,0.0083777886,0.0028346081,0.0004347619
860,0.0261818188,0.0084174626,0.0028345995,0.0004358553
861,0.0261501062,0.0084188489,0.0028345975,0.0004358016
862,0.0261506797,0.0084181565,0.002834611,0.0004358415
863,0.0261641142,0.0084274082,0.0028345169,0.0004363309
864,0.026197995,0.0084268071,0.0028343209,0.0004362945
865,0.0263341913,0.0084685435,0.0028364543,0.0004370036
866,0.0263330286,0.0084675578,0.0028364381,0.0004369463
867,0.026377625,0.0084674553,0.0028355849,0.0004369473
868,0.0263890584,0.0084629724,0.0028356728,0.0004367021
869,0.0265185226,0.0084583686,0.0028377654,0.0004364825
870,0.025656792,0.008467124,0.0027629735,0.000436408
871,0.0256706869,0.0084553093,0.002762816,0.0004358314
872,0.0258061939,0.0084811048,0.0027642284,0.0004360489
873,0.0257743006,0.0084793536,0.0027634949,0.0004359439
874,0.0257685098,0.0084886013,0.0027629042,0.0004355489
875,0.0257955021,0.0085159148,0.0027625785,0.000435896
876,0.0259658813,0.0085655077,0.0027641672,0.0004377351
877,0.0260038241,0.0086125389,0.0027658034,0.000438755
878,0.026003941,0.008612112,0.0027658035,0.0004387571
879,0.0260425509,0.0086114549,0.0027676884,0.0004387388
880,0.0259918551,0.0086680773,0.0027650468,0.0004405107
881,0.0259733286,0.0086672203,0.0027647135,0.0004405136
882,0.0259829304,0.0086935823,0.0027652689,0.00044076
883,0.0268573354,0.0087225833,0.0028523652,0.0004396904
884,0.0267775664,0.0087212324,0.0028475123,0.0004396745
885,0.026785966,0.0087203132,0.0028474451,0.0004396531
886,0.0267812888,0.0087238237,0.0028474665,0.0004396715
887,0.0268258426,0.0087201961,0.0028477706,0.000439528
888,0.0268548452,0.0087225369,0.0028480785,0.0004395198
889,0.0268463423,0.0087228089,0.0028481209,0.0004395319
890,0.0264344108,0.008722052,0.0027840295,0.000439526
891,0.0265244832,0.008764211,0.0027840449,0.0004401585
892,0.026570923,0.008763376,0.0027847159,0.000440153
893,0.0266023693,0.008805734,0.0027846157,0.0004413933
894,0.0268562804,0.0088220966,0.0027858647,0.0004411682
895,0.0269622202,0.0088644722,0.0027862595,0.0004424693
896,0.0269079004,0.0088706393,0.0027865141,0.0004423875
897,0.0269090166,0.0088702131,0.0027864799,0.0004423779
898,0.0269562632,0.0088704037,0.0027864862,0.0004423809
899,0.0270822658,0.0089435385,0.0027869486,0.0004441834
900,0.0270887226,0.0089261806,0.0027876252,0.0004434072
901,0.0270769271,0.0089253417,0.0027803898,0.0004433349
902,0.0271229819,0.0089326004,0.0027803978,0.0004432511
903,0.0271241272,0.0089311221,0.002780415,0.000443196
904,0.0271246347,0.0089406747,0.0027804577,0.0004431053
905,0.0271144026,0.0089915534,0.0027786985,0.0004451104
906,0.0271416052,0.0089915304,0.002780652,0.0004451299
907,0.0272288528,0.0089761189,0.0027812352,0.0004445017
908,0.027757189,0.0089759944,0.0028253292,0.0004445039
909,0.0277664111,0.0090147962,0.0028250302,0.0004451969
910,0.0277682421,0.009014583,0.0028250274,0.0004451842
911,0.0277702557,0.0090082991,0.0028231566,0.0004447926
912,0.0277380312,0.0090138524,0.0028225242,0.0004446554
913,0.0277343027,0.0090113568,0.0028225492,0.0004445523
914,0.0277019238,0.0089994913,0.0028219154,0.0004437912
915,0.0278039468,0.0089814563,0.0028258652,0.0004429813
916,0.027892104,0.0090120075,0.0028259984,0.0004435197
917,0.0287889441,0.0090601805,0.0029472628,0.0004452337
918,0.0287744946,0.0090962346,0.002947035,0.0004459662
919,0.0287350778,0.0091373672,0.0029467287,0.0004471863
920,0.0286993383,0.0091435077,0.002946862,0.0004471113
921,0.0287474211,0.0091472213,0.0029469448,0.0004467832
922,0.0287604973,0.0091553123,0.0029468505,0.0004470464
923,0.0287064023,0.0091554224,0.0029472764,0.0004470575
924,0.0286984639,0.0091525603,0.0029469611,0.00044692
925,0.0287203807,0.0091491905,0.0029472497,0.0004467644
926,0.028737107,0.0091457502,0.0029472124,0.0004465579
927,0.0289036565,0.0091542042,0.0029495783,0.0004464086
928,0.0289226589,0.009151729,0.0029505222,0.0004463793
929,0.0289236937,0.0091437151,0.0029505266,0.0004458264
930,0.0289797886,0.0091429067,0.002951301,0.0004457858
931,0.029039896,0.0091415206,0.0029511974,0.000445734
932,0.0291216147,0.009170906,0.0029517355,0.0004460919
933,0.0290754841,0.0091709313,0.0029519274,0.0004461181
934,0.0295444113,0.0091790468,0.0030548935,0.0004460232
935,0.0296701859,0.0091906992,0.0030555203,0.0004461041
936,0.0296839947,0.0091962912,0.0030554199,0.0004459516
937,0.0296819145,0.0091947753,0.003055321,0.0004458828
938,0.029540962,0.009193371,0.0030482484,0.0004458373
939,0.0296357679,0.0091937306,0.0030488095,0.0004458668
940,0.0297113162,0.009218594,0.0030494145,0.0004457206
941,0.0296952733,0.0092243379,0.0030493029,0.0004455935
942,0.0302548932,0.0092562754,0.0031301034,0.0004460933
943,0.0303122824,0.0092705308,0.0031299788,0.0004471261
944,0.0303352738,0.0093022139,0.0031299095,0.000447603
945,0.0303267955,0.0092887596,0.0031299726,0.0004471153
946,0.0303267702,0.009286236,0.0031299767,0.0004469898
947,0.0303557205,0.0092852148,0.0031305903,0.000446944
948,0.0302965389,0.0092982415,0.0031298737,0.000447079
949,0.0302963045,0.0092960422,0.0031298791,0.000446999
950,0.0302953728,0.0092959552,0.0031298793,0.0004470184
951,0.0303477393,0.0092946584,0.0031299968,0.0004469657
952,0.0303654825,0.0092976,0.0031313383,0.0004467191
953,0.0303588318,0.0092917686,0.0031304428,0.0004465237
954,0.0303845328,0.0092905775,0.0031303167,0.0004464637
955,0.0303234435,0.0092904652,0.0031301364,0.0004464719
956,0.0303413913,0.0092711651,0.0031296588,0.0004455208
957,0.0304072449,0.0093184202,0.0031299948,0.0004471305
958,0.0318568334,0.0093163745,0.003285637,0.0004470721
959,0.0326558892,0.0093159675,0.0033988485,0.000446722
960,0.0327800359,0.0093951964,0.0033989381,0.0004474968
961,0.0324275371,0.0094289427,0.0033326908,0.0004480633
962,0.032371215,0.0094248279,0.0033038859,0.0004477115
963,0.0323429621,0.0094315655,0.0033035264,0.0004476448
964,0.0332437716,0.0094302279,0.0033973634,0.0004476003
965,0.0332783016,0.0094283712,0.0033971731,0.0004474748
966,0.0332949657,0.0094273808,0.0033977511,0.0004474358
967,0.0333044964,0.0094271175,0.0033978145,0.0004474254
968,0.0338971169,0.0094247593,0.0034440419,0.0004473495
969,0.0339996358,0.0094340169,0.0034440659,0.000447333
970,0.0341661742,0.0094330972,0.00344606,0.0004473064
971,0.0343936877,0.0094452799,0.0034512926,0.0004474001
972,0.0343699367,0.0094440572,0.0034513913,0.0004473456
973,0.03436968,0.0094263402,0.0034514941,0.0004465303
974,0.0343727913,0.0094221592,0.0034568526,0.0004462801
975,0.0344231299,0.00942086,0.0034566171,0.0004462347
976,0.0347696762,0.0094512803,0.0034675598,0.0004466364
977,0.034750822,0.0094582526,0.0034665668,0.0004465577
978,0.0347509386,0.0094639272,0.0034665668,0.0004464342
979,0.0348532491,0.009505821,0.0034666443,0.0004469622
980,0.0348617522,0.0095011607,0.0034668061,0.0004467764
981,0.0348416287,0.0094988354,0.0034662843,0.0004465924
982,0.0349192672,0.009498135,0.0034663741,0.0004465834
983,0.0350068991,0.009496733,0.0034661586,0.0004465141
984,0.0351016716,0.0095039436,0.0034659526,0.0004467249
985,0.0351343025,0.009501413,0.0034662811,0.0004465524
986,0.0351364723,0.0094997051,0.0034662648,0.0004465139
987,0.035457725,0.0094981773,0.0034757638,0.0004464497
988,0.0358154122,0.0095036065,0.0034957196,0.0004463271
989,0.0351758913,0.009503271,0.0034338287,0.0004463085
990,0.0351936402,0.0095065053,0.0034337052,0.0004460156
991,0.0352400717,0.0095058308,0.0034336775,0.000445978
992,0.035255602,0.0094993165,0.0034335204,0.0004455056
993,0.0352458567,0.0095271374,0.003433129,0.0004457537
994,0.0351855568,0.0095244894,0.0034331111,0.0004456416
995,0.0351837325,0.0095096956,0.0034331014,0.0004450957
996,0.0355206605,0.0095085748,0.0034436201,0.0004449992
997,0.0352694174,0.0095324537,0.0034383422,0.0004458951
998,0.0351696952,0.0095268212,0.0034376514,0.0004453929
999,0.0351166401,0.0095263712,0.0034376374,0.0004453679
1000,0.0351728498,0.0095251188,0.0034374053,0.0004453046
